Timestamp, xPos, yPos, zPos, xRot, yRot, zRot, uxPos, uyPos, uzPos, uxRot, uyRot, uzRot
0.1030058,1.777754,-0.7202312,-0.2420234,324.14,334.7722,9.11E-07,1.087149,0.4517662,1.224107,35.84311,154.6997,355.826
0.2318406,1.781925,-0.7206344,-0.239966,324.1311,334.6183,-2.07E-07,1.087216,0.4511248,1.224471,35.83727,154.641,355.4532
0.3650193,1.782458,-0.7162423,-0.2425488,324.274,334.6647,-6.96E-07,1.087829,0.4515969,1.225116,35.65863,154.7157,355.1666
0.4696739,1.777907,-0.7139012,-0.2454847,324.3523,334.8746,-4.72E-07,1.08789,0.4516538,1.226472,35.49064,155.0088,355.1591
0.5982487,1.771276,-0.7224291,-0.2409635,324.0849,335.0491,7.58E-07,1.087916,0.4501924,1.228413,36.1021,155.143,355.0651
0.7003906,1.76803,-0.7254568,-0.2393592,323.9786,335.141,-7.06E-07,1.08803,0.4500886,1.229015,36.03584,155.1737,354.9669
0.8309276,1.763743,-0.7385324,-0.231391,323.5493,335.1711,-5.10E-07,1.088525,0.4494579,1.228213,36.62682,155.0784,355.0592
0.93181,1.770142,-0.7495635,-0.2207897,323.1814,334.8067,-1.43E-06,1.088992,0.448319,1.226905,36.90543,154.5027,354.6837
1.065519,1.771302,-0.7605648,-0.2132297,322.8013,334.6221,-4.92E-07,1.088269,0.4482687,1.224178,37.57692,154.6472,354.7105
1.166171,1.765425,-0.7596701,-0.217782,322.8033,334.8452,-4.77E-07,1.087682,0.4522519,1.220747,36.89981,155.4686,354.8173
1.297064,1.746341,-0.7368544,-0.2470295,323.5814,335.8553,8.61E-07,1.088456,0.450511,1.217922,35.63747,157.3354,355.54
1.40174,1.736437,-0.7359859,-0.2543368,323.6195,336.2831,3.23E-08,1.090835,0.4497378,1.216804,36.52879,156.7952,355.4006
1.539479,1.737026,-0.7339895,-0.2579029,323.6794,336.3444,1.51E-06,1.092762,0.4515099,1.215949,36.14172,156.459,355.5283
1.665187,1.735546,-0.7275209,-0.2656528,323.8991,336.5333,2.31E-07,1.093922,0.4512352,1.214832,35.93562,156.7586,355.5936
1.768187,1.732299,-0.7257667,-0.2699229,323.9649,336.7237,7.46E-08,1.095145,0.45058,1.214792,36.00039,157.0541,355.6835
1.897762,1.734209,-0.7243784,-0.2707108,324.0109,336.7149,-2.18E-07,1.095307,0.4507317,1.216134,35.72616,156.5494,355.5551
1.998716,1.733839,-0.7215742,-0.2728378,324.1079,336.7666,5.11E-07,1.094909,0.4509653,1.2165,35.65226,156.963,355.6502
2.131433,1.735008,-0.7180695,-0.2751528,324.2388,336.7748,6.09E-07,1.09522,0.4500943,1.216448,35.68546,156.6502,355.6258
2.26488,1.732738,-0.7207035,-0.2742979,324.1472,336.8288,-6.56E-07,1.094863,0.4510152,1.215632,35.94006,157.0494,355.6116
2.365346,1.730852,-0.7222773,-0.2736759,324.0956,336.8922,-1.79E-07,1.095499,0.4509815,1.2167,36.01808,156.8396,355.7029
2.468589,1.734581,-0.7211742,-0.2724041,324.1277,336.7612,2.13E-07,1.095131,0.4514846,1.21696,35.61925,156.5728,355.6661
2.602475,1.734691,-0.7213412,-0.2717891,324.1316,336.7529,-2.95E-07,1.094944,0.4501588,1.218219,35.9292,156.896,355.7896
2.732107,1.735768,-0.7227895,-0.2694748,324.0798,336.6975,7.31E-07,1.094969,0.4507521,1.218866,35.92854,156.5844,355.7593
2.864952,1.735787,-0.721908,-0.2692159,324.1114,336.7049,1.06E-06,1.09478,0.4505132,1.220763,35.85211,156.6101,355.9817
2.998483,1.736853,-0.7207524,-0.2684802,324.147,336.6648,-4.23E-07,1.094218,0.4504801,1.221844,35.74667,156.7055,356.0262
3.102877,1.737836,-0.7196151,-0.2681934,324.1836,336.6296,-6.22E-07,1.093598,0.4506175,1.222641,35.70982,156.4582,355.7908
3.230983,1.73759,-0.7189968,-0.2679534,324.2032,336.6311,-1.11E-07,1.092787,0.4512725,1.22338,35.79562,156.6846,356.1553
3.331687,1.738098,-0.7185653,-0.2674742,324.2176,336.6022,2.53E-07,1.091707,0.4512302,1.223472,35.84281,156.3787,355.8719
3.465285,1.738114,-0.7184551,-0.2667871,324.2207,336.5763,1.37E-06,1.090341,0.4510505,1.223567,35.76398,156.4818,355.7911
3.568435,1.738075,-0.7184166,-0.2663017,324.2215,336.5553,-5.74E-07,1.089566,0.4511323,1.223434,35.75045,156.5512,355.7184
3.697903,1.737507,-0.7172185,-0.2667678,324.2584,336.5602,1.07E-06,1.089239,0.451415,1.223595,35.51932,156.5107,355.5989
3.80621,1.736785,-0.7164392,-0.2671913,324.2824,336.5746,7.28E-08,1.088642,0.4516246,1.223712,35.58626,156.7937,355.8124
3.931139,1.736152,-0.7152575,-0.2676889,324.3188,336.5876,3.48E-07,1.088658,0.4515589,1.224509,35.54268,156.6103,355.6357
4.065395,1.7366,-0.7139758,-0.2678058,324.3599,336.5662,5.51E-07,1.088612,0.4520502,1.225021,35.53925,156.2993,355.5779
4.198115,1.73691,-0.7117229,-0.2688822,324.4341,336.5624,-4.94E-07,1.088825,0.4517961,1.224371,35.2657,156.7228,355.8274
4.298174,1.73771,-0.710456,-0.2693135,324.4771,336.5394,2.53E-07,1.089081,0.4514358,1.224422,35.31713,156.3148,355.5189
4.398458,1.737726,-0.7106142,-0.2691816,324.4728,336.5331,6.13E-07,1.089205,0.4513614,1.223821,35.46457,156.6205,355.7374
4.531503,1.738396,-0.7105023,-0.2691013,324.4772,336.5117,4.55E-07,1.090112,0.4509339,1.223416,35.53004,156.3576,355.6534
4.665247,1.738916,-0.7106489,-0.2690789,324.472,336.5002,-2.99E-07,1.091427,0.451977,1.22247,35.53645,156.4063,355.8448
4.765671,1.739557,-0.7103568,-0.2693603,324.4821,336.4906,-1.06E-06,1.092321,0.4515352,1.222057,35.45021,156.5001,355.996
4.869979,1.7402,-0.7103972,-0.269441,324.4818,336.4801,-1.73E-07,1.093244,0.4511134,1.222014,35.51522,156.3878,355.9105
5.002848,1.740951,-0.710718,-0.2694026,324.4712,336.469,9.98E-08,1.094153,0.4513784,1.221215,35.53366,156.378,356.0746
5.131153,1.741976,-0.7108226,-0.2695236,324.4684,336.4501,-9.29E-07,1.094638,0.4512843,1.220173,35.44593,156.4483,356.1047
5.264803,1.743009,-0.7110122,-0.2697163,324.4632,336.4304,-1.46E-06,1.094971,0.4510483,1.21901,35.57429,156.354,355.9765
5.365923,1.743494,-0.7110181,-0.2702529,324.4634,336.428,1.28E-06,1.095325,0.4513065,1.217693,35.61434,156.3626,355.9276
5.497337,1.743922,-0.7115322,-0.2709817,324.4482,336.4288,3.79E-07,1.095892,0.4512173,1.215286,35.66311,156.5796,355.948
5.597978,1.744058,-0.7120951,-0.2716998,324.4301,336.4363,-1.19E-07,1.096532,0.4509724,1.213702,35.59873,156.4241,355.7771
5.698432,1.744488,-0.7129631,-0.2722612,324.4033,336.4319,1.16E-06,1.097217,0.4505232,1.212293,35.73231,156.4262,355.8938
5.801383,1.745604,-0.7137762,-0.2727315,324.3755,336.4038,4.00E-07,1.097631,0.4506522,1.210789,35.76775,156.2094,355.7795
5.931309,1.746725,-0.7151528,-0.2734837,324.3261,336.3755,4.59E-07,1.098117,0.4517304,1.20868,35.75462,156.2342,355.6776
6.069417,1.748878,-0.7166116,-0.2736156,324.2766,336.3079,4.23E-07,1.098708,0.4510346,1.208558,35.91384,156.1407,355.7114
6.179933,1.751946,-0.7170802,-0.2732913,324.259,336.2086,-1.45E-07,1.09926,0.4509931,1.208351,35.83908,155.8156,355.5496
6.301975,1.754546,-0.7178101,-0.2730164,324.2322,336.1308,1.50E-07,1.100114,0.4515981,1.208596,35.8725,155.9547,355.692
6.431345,1.756508,-0.7176445,-0.2733145,324.2378,336.0884,-4.43E-07,1.100693,0.4513592,1.208896,35.70995,156.0904,355.773
6.565397,1.757003,-0.7174149,-0.2737159,324.2431,336.0938,-6.37E-07,1.100534,0.4513642,1.209946,35.78988,156.1213,355.5414
6.666814,1.755825,-0.7167371,-0.2748192,324.265,336.156,1.30E-08,1.100278,0.4515965,1.210391,35.70251,156.3375,355.6484
6.8019,1.754902,-0.7159787,-0.2755269,324.2891,336.202,-1.26E-07,1.099524,0.4516105,1.2113,35.57203,156.422,355.5902
6.941937,1.753984,-0.7145491,-0.2766168,324.3355,336.2481,-9.61E-07,1.098919,0.4518906,1.211331,35.6437,156.389,355.4137
7.070131,1.752043,-0.7140396,-0.2775342,324.3515,336.3188,-1.32E-06,1.098463,0.4513728,1.211209,35.61364,156.5472,355.26
7.198581,1.750013,-0.7145775,-0.2777084,324.3321,336.3811,3.32E-07,1.098113,0.4518805,1.211721,35.68127,156.6673,355.4419
7.298695,1.749194,-0.7140361,-0.2782461,324.3499,336.4121,-1.78E-06,1.09806,0.4518346,1.211969,35.50317,156.4989,355.3215
7.399265,1.748776,-0.7135576,-0.278555,324.3672,336.4272,3.03E-08,1.097759,0.4513946,1.212465,35.43248,156.5318,355.3933
7.531138,1.748031,-0.713486,-0.2786564,324.3716,336.4514,-2.97E-07,1.09816,0.4511167,1.212657,35.58374,156.6134,355.5031
7.669112,1.747558,-0.7137286,-0.2787188,324.3662,336.4707,-4.58E-07,1.099338,0.4511997,1.211348,35.85997,156.5507,355.5778
7.798385,1.74557,-0.7148742,-0.2790449,324.3312,336.546,4.11E-07,1.100323,0.4504347,1.210737,35.89072,156.9428,355.7715
7.932065,1.742314,-0.716091,-0.2800609,324.2921,336.6772,-8.25E-07,1.101667,0.451044,1.210045,35.76793,157.2169,356.0425
8.032212,1.740796,-0.7159944,-0.2812501,324.2949,336.7546,-7.68E-07,1.102064,0.4516357,1.20942,35.60547,157.0916,356.0142
8.166208,1.739071,-0.7154438,-0.2831578,324.3159,336.8483,5.77E-07,1.101996,0.4506488,1.209154,35.70041,157.0841,355.9202
8.30201,1.737457,-0.7152206,-0.2846065,324.3215,336.922,-2.52E-07,1.101253,0.4515836,1.208073,35.56668,157.1743,355.8079
8.431753,1.737172,-0.71399,-0.2861719,324.3638,336.9473,-1.52E-06,1.100636,0.4512769,1.207599,35.39857,157.0351,355.6464
8.565244,1.737737,-0.7133167,-0.286956,324.3882,336.9329,-6.49E-08,1.100703,0.4509831,1.20703,35.49721,156.8522,355.4916
8.668419,1.738287,-0.7129661,-0.2875378,324.4013,336.9185,-2.46E-07,1.101227,0.4505363,1.206128,35.63356,156.7858,355.4762
8.798679,1.738806,-0.7143523,-0.2869571,324.3555,336.8905,-6.44E-07,1.101587,0.4509763,1.205656,35.79987,156.782,355.6895
8.93161,1.739513,-0.7150845,-0.2867452,324.332,336.8615,3.90E-08,1.101434,0.4508299,1.205317,35.72676,156.8715,355.706
9.050671,1.739772,-0.7157009,-0.2865732,324.3124,336.8485,-5.79E-08,1.101411,0.4508358,1.205215,35.72066,156.7496,355.592
9.155425,1.739823,-0.7157764,-0.2867942,324.3091,336.8466,1.05E-06,1.101218,0.4513077,1.205131,35.60417,156.8319,355.6209
9.265827,1.739726,-0.7155992,-0.2872465,324.3158,336.8489,-1.43E-07,1.100275,0.4508467,1.205505,35.67548,157.0075,355.6298
9.397872,1.739098,-0.7151592,-0.2878681,324.3279,336.8668,5.17E-07,1.099254,0.4516742,1.205388,35.62403,156.7812,355.4933
9.537183,1.738129,-0.7142587,-0.2889339,324.3564,336.8938,-8.88E-07,1.09788,0.4515739,1.205174,35.52786,157.0405,355.4828
9.669238,1.736629,-0.7134191,-0.2900996,324.3808,336.9403,8.99E-07,1.097752,0.4521218,1.204926,35.42236,157.1703,355.6187
9.802147,1.735093,-0.7127458,-0.2910819,324.4001,336.9935,1.35E-06,1.098559,0.4523071,1.205882,35.51441,157.39,355.7179
9.931494,1.733445,-0.7120656,-0.2920669,324.4176,337.0657,-1.10E-06,1.101109,0.4528671,1.206792,35.43235,157.405,355.6457
10.0645,1.731624,-0.7110587,-0.2933307,324.446,337.1728,-7.76E-07,1.105097,0.4528247,1.209139,35.43286,157.7513,355.7122
10.16486,1.729057,-0.7095862,-0.2951296,324.4896,337.335,2.62E-07,1.109187,0.4530661,1.211662,35.23109,158.2322,355.7326
10.26499,1.725655,-0.7058831,-0.2984902,324.6075,337.5942,2.75E-07,1.113537,0.4536147,1.215411,34.8886,158.5623,355.4952
10.36789,1.720519,-0.6980995,-0.3053879,324.8666,338.0127,6.53E-07,1.118219,0.453525,1.217121,34.43704,159.0225,355.6192
10.49783,1.709752,-0.6909349,-0.3143638,325.1057,338.7564,-3.68E-07,1.124828,0.4534672,1.218283,34.71176,159.7783,355.624
10.59864,1.701131,-0.6895907,-0.3192398,325.1622,339.3359,-6.55E-07,1.129908,0.4523625,1.219171,34.88917,160.0053,355.2555
10.699,1.689364,-0.6922665,-0.3225193,325.0801,340.0048,1.45E-06,1.135484,0.4523642,1.220241,34.98371,160.6783,355.1594
10.83149,1.679135,-0.6939739,-0.326858,325.0262,340.7204,5.06E-07,1.143265,0.4523945,1.220365,35.10346,161.2079,354.3459
10.936,1.665667,-0.7037122,-0.3279104,324.7086,341.4156,-3.24E-07,1.149755,0.4513759,1.218768,35.60767,161.7694,353.7595
11.06472,1.638055,-0.7340092,-0.3217847,323.7048,342.4305,-5.19E-07,1.15211,0.4490755,1.212985,36.68773,162.9066,352.8303
11.20198,1.554133,-0.7387006,-0.3536008,323.6602,345.2115,2.93E-07,1.13894,0.4462317,1.200598,36.4524,166.027,352.886
11.33089,1.367918,-0.7059933,-0.4275172,324.6358,350.8351,-2.20E-07,1.102242,0.4517205,1.179362,34.92194,171.8638,352.393
11.43129,1.136443,-0.6826282,-0.4849336,325.5273,357.6507,1.32E-07,1.066953,0.449428,1.16144,34.46823,177.9512,353.2767
11.53144,0.8890081,-0.6103268,-0.540746,327.6068,4.558229,-3.28E-07,1.023219,0.4611274,1.142695,32.39324,184.5582,354.1307
11.63164,0.7400088,-0.5548232,-0.5677851,329.3991,8.704924,3.69E-09,0.9775761,0.4642109,1.125385,28.95666,193.1442,354.2953
11.73178,0.490641,-0.5047923,-0.5621405,330.9517,15.7,3.33E-07,0.9340422,0.4686851,1.111983,27.92633,201.444,355.0396
11.86481,0.08066428,-0.4289677,-0.4716105,333.2436,27.51888,2.65E-07,0.8694613,0.4731614,1.112011,24.99397,215.6801,355.826
11.96926,-0.3888476,-0.4002946,-0.1697572,334.1133,43.94251,9.30E-07,0.8247342,0.4730358,1.142751,24.09277,239.3742,358.7669
12.0978,-0.9599463,-0.3673843,0.8203708,335.0237,79.02398,-9.93E-07,0.8039032,0.4798564,1.185653,21.90421,278.8771,0.670507
12.23076,-0.9868905,-0.2968129,1.634099,337.1573,104.0315,8.43E-07,0.7924989,0.4824299,1.196897,20.84747,295.3759,358.3535
12.33125,-0.8742409,-0.2433621,2.021717,338.7411,116.3369,4.64E-08,0.7945392,0.4838238,1.199392,19.72793,305.3109,357.4011
12.43147,-0.6649389,-0.2007301,2.371171,339.9753,128.8243,-1.07E-06,0.8019658,0.4858661,1.188177,18.77137,318.0607,357.5757
12.56428,-0.3272958,-0.1534197,2.692444,341.403,143.3279,-7.81E-07,0.8079917,0.4821568,1.154462,18.06517,331.1538,356.91
12.66434,-0.06338535,-0.1614016,2.823285,341.2476,152.6078,6.46E-07,0.8103525,0.4798062,1.11545,18.83249,339.5568,356.914
12.76722,0.2082013,-0.1618546,2.900192,341.1593,161.5218,3.20E-07,0.8064203,0.4874955,1.074015,18.85158,348.5197,355.6588
12.89792,0.4683215,-0.1377709,2.924857,341.7537,169.9969,1.48E-07,0.791533,0.4879219,1.025225,17.73114,353.3272,355.7986
12.99828,0.5544063,-0.08647221,2.919514,343.1736,172.8998,-2.87E-08,0.7844551,0.496101,0.9929464,15.21091,354.6906,355.4464
13.13077,0.5789905,0.01308163,2.91062,345.9622,174.0195,-1.01E-07,0.7749211,0.5015194,0.9604785,11.5244,354.1427,356.6093
13.23081,0.5339359,0.1439175,2.908766,349.7756,172.9817,-3.01E-08,0.7686868,0.4987009,0.9360617,7.487038,351.9929,357.7534
13.33092,0.4850616,0.3161909,2.910745,354.4428,171.7798,4.78E-08,0.7672369,0.5182155,0.9316983,1.680709,351.3076,357.9957
13.43099,0.5256417,0.4894193,2.919706,359.3698,173.0447,-1.10E-08,0.7669977,0.5079494,0.9303825,359.3319,354.2876,358.3778
13.53137,0.5637795,0.4808729,2.917378,359.0291,174.1297,-8.07E-09,0.7693059,0.5201306,0.9228161,0.6479263,354.7048,358.6594
13.66488,0.5607007,0.6543403,2.902234,3.718184,174.005,-3.44E-08,0.7691949,0.5314879,0.9108227,352.28,353.755,357.2018
13.76552,0.5491127,0.8815652,2.866995,10.07295,173.6112,-4.02E-08,0.7670147,0.5385305,0.9049599,345.0978,353.3831,356.5597
13.89833,0.5389003,1.005347,2.836849,13.56507,173.3641,-5.19E-08,0.7607193,0.5385674,0.9043151,345.8077,353.3649,356.581
14.03219,0.5558103,0.9814895,2.844084,12.82654,173.9748,-8.75E-08,0.7591143,0.5382109,0.9039963,347.7146,354.4738,356.3729
14.16531,0.5693427,0.9786436,2.846362,12.75024,174.4583,3.47E-08,0.7558484,0.5366502,0.9054356,347.2437,354.5482,356.4202
14.29771,0.5560603,0.9611223,2.851941,12.25155,174.1611,-1.13E-08,0.7534959,0.5372046,0.9093441,348.0577,353.9902,356.5037
14.40277,0.5474012,0.9454941,2.857342,11.80784,173.9613,-4.74E-08,0.7523867,0.5356737,0.9130465,348.5612,353.7836,356.7798
14.50711,0.5388798,0.9109461,2.867529,10.83572,173.7434,-8.00E-09,0.7531374,0.5335963,0.9182557,350.195,353.608,356.7182
14.63231,0.5452042,0.8714661,2.880002,9.709208,173.9002,-1.54E-08,0.7559137,0.5335281,0.9224168,350.6174,354.0705,356.27
14.77349,0.5531471,0.8537172,2.886992,9.217754,174.103,-4.15E-08,0.7559627,0.5329757,0.9241376,350.9395,354.1232,356.2074
14.89839,0.5489364,0.8479537,2.889037,9.04983,174.0311,2.52E-09,0.752957,0.5333017,0.9249263,350.9425,354.0141,356.1783
15.03263,0.5320659,0.8535038,2.887233,9.160707,173.6442,2.15E-08,0.7496712,0.5354948,0.9250619,350.785,353.5666,356.906
15.16794,0.5297923,0.8410658,2.887866,8.831909,173.6169,-6.77E-08,0.7494273,0.5337572,0.923391,351.2754,353.6711,357.3551
15.29888,0.5262966,0.8334179,2.888079,8.63828,173.5214,1.31E-08,0.7494547,0.5327413,0.9234149,351.4661,353.4435,357.3571
15.40159,0.5268466,0.8290851,2.888916,8.532406,173.5298,-1.36E-08,0.7497445,0.5318281,0.9235804,351.5722,353.5298,357.3743
15.53522,0.5273894,0.8274113,2.889725,8.496608,173.5402,-3.97E-08,0.7499223,0.5316231,0.9244342,351.5636,353.6204,357.2518
15.66607,0.5324198,0.8262171,2.891393,8.459193,173.6933,-7.33E-08,0.7496697,0.5318934,0.9255232,351.3515,353.7585,357.0038
15.79886,0.5362872,0.8067294,2.895728,7.922646,173.8277,-1.17E-09,0.7490832,0.5313686,0.926612,352.3633,353.8668,357.0488
15.93531,0.5340009,0.7993151,2.897486,7.724866,173.7908,-3.06E-08,0.7479515,0.5302362,0.9276201,352.4158,353.7859,357.4863
16.06481,0.530948,0.7946865,2.898676,7.594721,173.7234,3.38E-08,0.7471593,0.5299027,0.9287323,352.3727,353.7167,357.412
16.19807,0.525808,0.7915426,2.899562,7.509907,173.6041,2.77E-08,0.7462795,0.5302143,0.9297215,352.4772,353.4797,357.5457
16.33148,0.5244073,0.7867846,2.900876,7.386686,173.5926,3.87E-08,0.744688,0.5292306,0.9304737,352.8191,353.5599,357.7551
16.46576,0.5203207,0.7792122,2.901956,7.174697,173.5007,2.70E-08,0.7440317,0.5292689,0.9306577,353.1326,353.3437,357.8933
16.60461,0.5179725,0.7764963,2.901986,7.100292,173.4408,2.76E-08,0.7446113,0.529062,0.929866,352.8732,353.3859,357.7958
16.73184,0.5168185,0.776974,2.900951,7.117185,173.3955,-9.70E-09,0.7458431,0.5291194,0.9281698,352.8214,353.3328,357.7116
16.83199,0.5154496,0.7780285,2.900183,7.160376,173.3361,2.42E-08,0.7470385,0.5274197,0.9288961,352.7221,353.2943,357.7435
16.96452,0.518457,0.7762945,2.898986,7.12524,173.3919,-2.79E-08,0.7485059,0.52764,0.9252014,352.9371,353.4471,357.7834
17.06542,0.5201293,0.7753909,2.897974,7.105419,173.4203,-1.19E-08,0.7487853,0.5276145,0.9239105,352.9283,353.4801,357.793
17.166,0.5215357,0.7760763,2.896743,7.131563,173.4496,2.46E-08,0.7484875,0.5271536,0.9225217,352.8332,353.4385,358.0012
17.30745,0.5209481,0.7764441,2.8952,7.151037,173.4261,2.18E-08,0.7483088,0.5268963,0.9212797,352.8031,353.4171,358.1415
17.43207,0.5206313,0.7789233,2.893678,7.22193,173.4196,-7.97E-08,0.7478176,0.527689,0.9203993,352.7202,353.4019,358.4198
17.56577,0.5217453,0.7791395,2.892581,7.231771,173.4471,-3.75E-08,0.748702,0.5271263,0.9189413,352.7851,353.4962,358.3357
17.69883,0.5240798,0.7811691,2.891508,7.289708,173.5039,1.92E-08,0.7494274,0.5277331,0.9180046,352.4392,353.746,358.1609
17.83686,0.5276618,0.7834413,2.890971,7.3559,173.5979,4.21E-08,0.7495931,0.5273254,0.9184963,352.603,353.8671,358.0633
17.96729,0.5313302,0.7845067,2.890885,7.386468,173.6964,3.79E-08,0.7498176,0.527513,0.9189105,352.5154,353.8683,358.1447
18.06999,0.5332064,0.7839551,2.891103,7.373349,173.7449,2.83E-08,0.7501984,0.5270525,0.9195145,352.7304,353.9197,358.1033
18.19836,0.5354873,0.7827877,2.891531,7.343206,173.8023,4.69E-08,0.7504435,0.5266559,0.9199226,352.8083,353.9049,357.9713
18.2995,0.5356308,0.7814407,2.891858,7.307021,173.8022,-3.33E-08,0.7503287,0.526762,0.9204374,352.8329,353.7843,358.0712
18.4311,0.5346768,0.7802733,2.892347,7.275758,173.7716,-4.44E-08,0.7503192,0.5266927,0.9218668,352.8398,353.7107,358.0732
18.53142,0.5347524,0.7785261,2.893108,7.225848,173.7737,4.56E-08,0.7500343,0.5270371,0.9229778,353.0015,353.7584,358.2
18.66755,0.5345594,0.7740129,2.894567,7.10194,173.7654,3.91E-08,0.7508876,0.5262989,0.9247572,353.4591,353.7676,358.1757
18.7984,0.5357585,0.7705787,2.89617,7.005053,173.7886,7.86E-09,0.752296,0.5264007,0.9266524,353.2119,353.9051,358.0049
18.8989,0.5371019,0.7689738,2.897393,6.960868,173.8136,-2.38E-08,0.7534572,0.5261701,0.9278366,353.2187,353.9153,357.9999
19.03156,0.5387116,0.7663875,2.899239,6.889407,173.8345,-1.32E-09,0.7548904,0.5261417,0.9296397,353.3378,353.8893,357.8315
19.13638,0.540976,0.7646191,2.900928,6.840296,173.8737,2.16E-08,0.75639,0.5260272,0.9313812,353.289,354.032,357.6949
19.26545,0.5443625,0.7590212,2.903779,6.687926,173.9312,5.47E-09,0.7575914,0.5253197,0.9327313,353.7148,354.0214,357.6877
19.39774,0.5465583,0.7533541,2.906372,6.531609,173.9512,-3.94E-08,0.7587331,0.5253961,0.9336607,353.726,354.0095,357.5552
19.49889,0.5482387,0.7510387,2.9078,6.469017,173.9721,5.14E-08,0.7590286,0.5252813,0.9338236,353.744,353.982,357.5567
19.6033,0.5484462,0.7493232,2.908699,6.42129,173.9578,-4.91E-08,0.7590517,0.5256767,0.9336812,353.6031,353.9097,357.5843
19.73126,0.5461158,0.7489293,2.908865,6.413435,173.8745,-9.42E-09,0.758831,0.5250502,0.9331086,353.6688,353.771,357.662
19.83499,0.5462015,0.7471623,2.908929,6.364776,173.869,-7.11E-09,0.7590287,0.5252834,0.9321934,353.6967,353.8528,357.7762
19.96446,0.5456133,0.7474895,2.908381,6.37324,173.8435,-3.22E-09,0.7593099,0.5257051,0.9312867,353.5297,353.8407,357.7339
20.06473,0.5454816,0.7478629,2.907848,6.38459,173.8354,-6.78E-10,0.7593306,0.5253866,0.9303839,353.609,353.7819,357.7336
20.19777,0.5454111,0.748179,2.907071,6.392828,173.8291,-6.06E-08,0.7592876,0.5258598,0.9294922,353.5686,353.8183,357.773
20.33159,0.545922,0.7469857,2.906524,6.358266,173.8372,-3.38E-08,0.7609425,0.5263426,0.9282348,353.724,353.9279,357.7811
20.43167,0.546589,0.7468295,2.906119,6.349023,173.8478,-2.40E-08,0.7602786,0.5261886,0.9280989,353.6801,353.8882,357.6877
20.56487,0.546682,0.7463929,2.905806,6.337372,173.8581,-3.80E-08,0.7583407,0.5254117,0.9283736,353.6943,353.8842,357.7062
20.69825,0.5474311,0.7467639,2.90571,6.346306,173.8898,-4.95E-08,0.7573388,0.5258816,0.9289922,353.5861,354.0702,357.7219
20.80502,0.5479069,0.7477263,2.905758,6.372835,173.912,-9.93E-09,0.7567239,0.5257874,0.9300634,353.5406,354.0467,357.5843
20.90512,0.5486988,0.7472718,2.906114,6.359919,173.9444,1.67E-08,0.7561408,0.5259138,0.9309345,353.7533,354.1614,357.6733
21.032,0.5493203,0.7467379,2.906654,6.343419,173.9765,1.46E-08,0.7551699,0.5258878,0.9321489,353.7707,354.147,357.7019
21.16685,0.5496697,0.7456391,2.907314,6.310164,174.0004,-3.31E-09,0.7551543,0.526353,0.9328512,353.9294,354.082,357.8005
21.26713,0.550175,0.7453548,2.907782,6.300934,174.0213,1.81E-08,0.7562521,0.526477,0.9334248,353.6557,354.1848,357.6449
21.39834,0.5519834,0.7452145,2.908504,6.295926,174.0735,-9.65E-09,0.7579114,0.5257082,0.933648,353.7183,354.3762,357.5957
21.53131,0.5546784,0.7447597,2.909392,6.284381,174.1391,7.70E-09,0.7600685,0.5254137,0.9345105,353.77,354.4026,357.3888
21.66485,0.5573781,0.7446149,2.910355,6.283308,174.1993,-1.20E-08,0.7605841,0.525438,0.9359425,353.6799,354.4364,357.2448
21.76529,0.5589556,0.7447374,2.911341,6.286447,174.2328,3.06E-09,0.7606435,0.525973,0.9384013,353.7054,354.3315,357.4781
21.89779,0.5599272,0.7430996,2.913732,6.241633,174.2467,5.00E-08,0.760772,0.5254278,0.9440606,353.9627,354.2969,357.58
22.00442,0.5599093,0.7400658,2.916844,6.157294,174.2334,-4.69E-08,0.7616208,0.525263,0.9498644,354.1327,354.1741,357.5653
22.13147,0.5600943,0.7343264,2.923566,5.993156,174.2065,1.99E-08,0.7639645,0.5255877,0.9590533,354.2556,354.1284,357.6699
22.23166,0.5605388,0.7294388,2.931008,5.852067,174.1694,-1.39E-08,0.7669417,0.5255913,0.9674762,354.475,354.1155,357.5666
22.36503,0.5623164,0.7213964,2.944874,5.623281,174.1014,2.31E-08,0.7722403,0.5253258,0.9809332,354.5895,353.9843,357.7391
22.46709,0.5639654,0.7184538,2.957121,5.53972,174.0151,5.40E-08,0.777114,0.5252664,0.9916732,354.4703,353.8895,357.9026
22.56907,0.5622874,0.7237314,2.969224,5.68694,173.8115,-2.04E-08,0.7817163,0.5256436,1.003223,354.1505,353.5988,357.855
22.6978,0.556173,0.7321963,2.986147,5.926104,173.416,3.37E-08,0.7882662,0.5258344,1.020332,354.0091,353.1785,358.0304
22.79802,0.5490476,0.7350286,3.000514,6.010602,173.0442,-6.76E-09,0.7930526,0.5255576,1.035409,354.049,352.8098,358.3228
22.89808,0.5391237,0.7377312,3.016405,6.092328,172.5719,-5.66E-09,0.7988348,0.5254211,1.052081,353.9219,352.3865,358.2182
23.00184,0.5334178,0.7294412,3.034676,5.867089,172.205,3.87E-08,0.8055937,0.5249352,1.069391,354.2261,352.1042,358.3173
23.13124,0.5435917,0.7152452,3.060324,5.453348,172.1678,-3.87E-08,0.8167694,0.5252335,1.091551,354.5754,352.1941,358.0541
23.2651,0.5713458,0.7113973,3.086603,5.320097,172.5475,-1.25E-08,0.8313637,0.5261008,1.114537,354.6938,352.6042,357.8468
23.36861,0.6036474,0.715162,3.107638,5.421194,173.0857,3.35E-10,0.8448377,0.5258458,1.133081,354.6139,353.1518,357.7535
23.49772,0.6812795,0.7302876,3.140209,5.970389,174.7383,-2.19E-08,0.8646139,0.5217703,1.160884,353.9703,354.8621,356.8813
23.60671,0.8285096,0.7209609,3.175033,5.745248,178.7206,-4.79E-09,0.8729903,0.5207287,1.185883,354.2708,358.7763,355.3623
23.73163,0.9309469,0.704071,3.205699,5.17905,181.7648,-7.70E-09,0.8696055,0.5235342,1.214809,354.821,1.764782,355.8546
23.8641,0.9916875,0.7202825,3.241894,5.757314,183.8893,-3.20E-08,0.8567157,0.5196524,1.256565,354.2427,3.889247,356.2888
23.96947,1.060521,0.7364548,3.270843,6.299753,186.369,-2.50E-08,0.8399972,0.5169948,1.295189,353.7003,6.369029,356.5656
24.10578,1.111805,0.7433734,3.318913,6.651202,188.6955,1.65E-08,0.8114744,0.5117238,1.355207,353.3488,8.695473,357.3961
24.23157,1.13684,0.7367223,3.364021,6.437426,190.128,-1.10E-07,0.7823732,0.5169358,1.418429,353.8968,10.36758,358.1784
24.36506,1.140339,0.7745193,3.400971,7.104658,190.7283,-6.00E-08,0.7605457,0.531454,1.481575,352.6774,11.13571,357.2095
24.50062,1.160192,0.7817894,3.451278,7.329535,191.7473,-3.67E-08,0.7489346,0.5240452,1.544084,352.7994,12.35042,356.1937
24.60165,1.166875,0.7709775,3.495855,7.014348,192.0653,-8.84E-08,0.7514675,0.5290473,1.590348,353.1413,12.13048,357.3557
24.73425,1.186544,0.7485162,3.555755,6.272781,192.3463,-4.19E-08,0.7693805,0.5294659,1.646705,354.3787,12.72594,356.3998
24.86521,1.227981,0.7424031,3.60799,6.23197,192.9357,4.11E-08,0.798438,0.5218447,1.703861,353.536,13.15888,356.4915
24.99833,1.259232,0.7631395,3.667559,6.989168,192.7278,-3.77E-08,0.8489698,0.5167403,1.768156,352.4099,12.32471,356.7175
25.13122,1.263641,0.7771695,3.741246,7.575973,191.224,-5.69E-08,0.9136572,0.5130517,1.835529,351.9277,10.08579,356.4504
25.23163,1.269472,0.8103529,3.796733,8.306407,189.9913,-2.24E-09,0.9636301,0.5279689,1.887522,351.0158,9.090341,356.5949
25.36494,1.271776,0.8204852,3.912072,8.183669,187.4321,5.59E-08,1.015708,0.5357916,1.949069,351.8163,7.432091,357.5873
25.46566,1.202065,0.8308674,3.965328,8.345753,184.5582,3.92E-08,1.044805,0.5405748,1.992767,351.6542,4.558197,358.1357
25.5678,1.201696,0.8127929,4.012188,7.832675,183.9015,-3.39E-08,1.066884,0.5402318,2.035439,352.1673,3.901463,358.1956
25.69884,1.239468,0.8193244,4.058356,8.136205,184.5367,2.13E-08,1.085147,0.5335425,2.096047,351.6396,4.639526,358.2138
25.80272,1.259642,0.8229852,4.088106,8.423648,185.0081,2.57E-08,1.08956,0.5232286,2.147654,351.3994,5.488219,357.6919
25.93106,1.285789,0.8316298,4.149695,8.971082,185.8289,-4.43E-09,1.081972,0.5158532,2.227522,350.6298,6.069694,358.564
26.03114,1.283126,0.8312286,4.207109,8.909243,185.9771,-1.41E-08,1.070265,0.527633,2.287546,350.7411,5.910199,359.5946
26.16487,1.242246,0.8945897,4.276754,10.31496,185.1149,6.04E-08,1.062125,0.544416,2.358819,348.6808,4.511961,0.3635325
26.26822,1.20841,0.9353439,4.324227,11.41239,184.2268,-2.52E-08,1.06285,0.5386965,2.409252,347.8958,3.644682,359.4926
26.40328,1.187342,0.9362336,4.388587,11.45271,183.5331,6.09E-09,1.070495,0.5431877,2.467048,348.5971,3.191518,0.102826
26.53364,1.176927,0.9695941,4.443578,12.19952,182.8965,2.64E-08,1.085507,0.5497123,2.525444,347.3498,2.495845,359.2385
26.66731,1.137879,0.9906638,4.501168,12.92597,181.277,1.29E-08,1.10626,0.5397058,2.588912,347.0743,0.2573549,359.7695
26.77516,1.114666,0.9953652,4.585492,13.29924,179.5662,4.15E-09,1.129403,0.5352914,2.639184,346.7007,359.5662,359.5432
26.90511,1.089344,1.02797,4.644698,14.20452,177.7367,4.87E-09,1.165913,0.5372022,2.707359,345.7955,357.7367,359.8203
27.03142,1.057865,1.066073,4.703798,14.83063,175.8898,-7.63E-08,1.19644,0.5541477,2.775397,345.1694,355.8898,359.9232
27.16494,1.044781,1.086166,4.734334,15.46702,175.163,-2.66E-08,1.213503,0.5527561,2.836443,344.7166,354.5005,0.3112921
27.29881,1.02016,1.066798,4.784648,14.85419,174.1921,-1.29E-07,1.219826,0.553439,2.89029,345.6782,353.7503,1.021344
27.43137,1.020998,1.051535,4.838515,14.43561,174.181,-4.51E-09,1.215333,0.5526208,2.940958,345.7278,354.3275,0.505774
27.53484,1.033537,1.053728,4.87729,14.53548,174.7472,9.21E-08,1.2042,0.5509372,2.978937,344.955,355.5276,0.4304712
27.66488,1.08497,1.076368,4.9265,15.28567,176.8649,5.75E-08,1.175342,0.5471166,3.029953,344.1142,358.1104,0.1438353
27.79772,1.107718,1.087316,4.97348,15.79067,178.5156,-3.55E-09,1.13633,0.5401161,3.077539,344.045,359.5007,0.2482558
27.90088,1.130244,1.140068,4.995873,17.19275,180.0833,4.78E-09,1.103191,0.5582107,3.112521,341.3286,1.385927,359.2332
28.03147,1.143441,1.217192,5.016534,19.17967,181.756,-3.82E-08,1.061755,0.5656924,3.152336,339.5625,2.420045,359.6991
28.16705,1.129554,1.258254,5.062085,20.30058,183.1224,-1.09E-07,1.027382,0.5643636,3.189099,339.6994,3.122402,358.1226
28.29841,1.130276,1.279112,5.082709,20.95181,183.9033,1.61E-08,1.003132,0.5639467,3.219279,339.0482,3.903298,357.8683
28.43173,1.133368,1.270772,5.111412,20.54182,184.2309,-1.33E-07,0.9951997,0.5689903,3.243682,339.4582,4.230856,358.0466
28.56992,1.119405,1.272003,5.12645,20.76048,183.792,-4.10E-08,0.9957248,0.563079,3.260403,339.2395,3.791986,358.0374
28.70209,1.115962,1.303679,5.125932,21.55887,183.5283,5.60E-08,1.00149,0.5687652,3.269377,338.4411,3.52827,358.5083
28.83074,1.108532,1.292961,5.132927,21.29188,183.2309,7.21E-08,1.003507,0.5667225,3.272403,338.7081,3.230872,358.6963
28.93519,1.091741,1.286421,5.137706,21.13099,182.6847,2.60E-08,1.00436,0.5654187,3.274236,338.869,2.684744,359.1165
29.03544,1.085967,1.287108,5.139924,21.17349,182.479,1.09E-07,1.005299,0.5647219,3.276687,338.8265,2.479049,359.3934
29.1676,1.102697,1.258282,5.153057,20.31487,182.9125,5.39E-08,1.007396,0.5639243,3.279881,339.6852,2.912501,358.6962
29.26963,1.114318,1.261999,5.154884,20.3925,183.2409,-6.54E-08,1.008336,0.5651008,3.283227,339.6075,3.240912,358.1171
29.3978,1.106901,1.265411,5.157531,20.48486,183.0203,1.86E-08,1.008184,0.5654917,3.286604,339.5151,3.020334,358.6971
29.49811,1.102258,1.270853,5.158736,20.67855,182.8864,2.25E-08,1.008035,0.5646037,3.289957,339.3214,2.886405,358.3626
29.63115,1.100874,1.273249,5.160052,20.69798,182.9022,5.54E-08,1.006148,0.5663652,3.291538,339.302,2.90217,358.5834
29.7646,1.102656,1.272222,5.162778,20.70281,183.0162,1.52E-08,1.004106,0.5651005,3.294718,339.3102,3.0109,358.7626
29.86739,1.092276,1.283041,5.1606,21.00901,182.7016,-3.51E-08,1.0044,0.5662856,3.295961,338.8474,2.616927,359.0017
29.96811,1.094611,1.277217,5.164437,20.8364,182.7353,8.79E-09,1.005764,0.5660893,3.297651,339.3169,2.832032,358.9257
30.10119,1.096822,1.271407,5.168403,20.66656,182.7518,-2.42E-08,1.007615,0.5655305,3.300088,339.4661,2.723002,358.8177
30.23682,1.100481,1.267693,5.171043,20.56139,182.8323,-3.28E-08,1.007509,0.5649073,3.301502,339.4313,2.762444,358.9954
30.37156,1.091829,1.260264,5.175941,20.33495,182.5493,-1.17E-08,1.008884,0.5653628,3.303632,339.9432,2.519165,359.1751
30.50191,1.09979,1.263752,5.175678,20.43365,182.776,5.00E-08,1.009333,0.5654671,3.305049,339.2643,3.06551,358.8897
30.63105,1.112218,1.26748,5.174542,20.5473,183.1403,2.22E-08,1.01037,0.5660278,3.30541,339.3314,3.6195,358.6375
30.7672,1.121217,1.270776,5.174121,20.65006,183.4049,-7.70E-09,1.010588,0.5653207,3.307816,339.389,3.585916,358.6954
30.90009,1.122405,1.270841,5.175517,20.65296,183.436,2.48E-08,1.010239,0.5654017,3.309233,339.3064,3.371128,358.8436
31.002,1.118815,1.27201,5.176337,20.68848,183.3348,8.00E-08,1.009138,0.5648713,3.31074,339.0559,3.126641,359.3124
31.13153,1.106963,1.274011,5.178219,20.75172,182.9916,2.77E-08,1.008928,0.5649874,3.31391,339.3521,2.481423,359.6025
31.26437,1.110344,1.262778,5.184792,20.41798,183.0837,5.08E-08,1.009595,0.5641228,3.317003,340.1678,3.495817,359.0732
31.36441,1.114047,1.253057,5.189726,20.12425,183.1944,7.59E-09,1.009025,0.564878,3.317166,340.4253,3.144297,359.1581
31.46612,1.108199,1.252819,5.191063,20.11205,183.0173,4.44E-08,1.009544,0.5659275,3.316704,339.8123,2.63675,359.2975
31.56742,1.105263,1.265528,5.187171,20.49355,182.9282,-9.05E-08,1.010678,0.5655488,3.317889,338.4022,2.836191,359.4145
31.70175,1.110924,1.278108,5.182271,20.87131,183.08,-4.98E-08,1.011395,0.5659448,3.315325,338.9334,3.37884,358.7088
31.83591,1.114021,1.281807,5.180028,20.97675,183.1642,4.41E-09,1.011285,0.5660108,3.314123,339.2092,3.126193,358.8623
31.96661,1.11271,1.278995,5.180691,20.88788,183.1274,-2.15E-08,1.01018,0.5660648,3.3145,339.2321,3.014132,359.0809
32.06846,1.109554,1.278247,5.181271,20.8643,183.0424,-2.42E-08,1.00953,0.5661548,3.3156,339.103,2.907783,359.1821
32.20027,1.107748,1.279048,5.181605,20.88717,183.0188,-8.86E-08,1.007227,0.5656013,3.316786,339.2998,2.849753,359.445
32.33054,1.098221,1.271584,5.186247,20.661,182.7722,5.53E-08,1.005079,0.5653049,3.319847,339.9797,2.361084,359.8734
32.43057,1.092833,1.264666,5.190215,20.44697,182.6406,6.22E-08,1.004123,0.5658722,3.320902,340.0009,2.438038,359.9241
32.56903,1.089465,1.259991,5.193544,20.30072,182.5809,-6.61E-08,1.002815,0.5662136,3.322037,339.7815,2.535673,359.8014
32.7003,1.086402,1.258734,5.195345,20.2563,182.5195,8.34E-08,1.002411,0.5663209,3.322982,339.7751,2.325887,359.9373
32.83091,1.078895,1.253654,5.198688,20.09875,182.306,2.89E-08,1.002843,0.567117,3.323693,339.9921,1.858895,0.06045013
32.96695,1.078707,1.249085,5.201639,19.95964,182.29,2.43E-08,1.004181,0.566265,3.32504,340.2363,2.421692,359.8806
33.09797,1.080969,1.244794,5.204004,19.82344,182.3397,1.94E-08,1.005054,0.5667927,3.32489,340.2721,2.421151,359.7815
33.20197,1.082651,1.245718,5.203923,19.84732,182.3764,8.00E-09,1.005519,0.5671486,3.324566,340.0777,2.364055,359.8274
33.33125,1.082458,1.246448,5.203855,19.86748,182.3451,1.22E-08,1.00686,0.5666853,3.324654,340.07,2.411037,359.8649
33.46457,1.08359,1.245997,5.203923,19.84942,182.3471,2.47E-08,1.008037,0.5668383,3.32408,340.1509,2.305785,359.7019
33.57009,1.084847,1.242421,5.205077,19.74541,182.3621,-3.95E-08,1.008679,0.5666245,3.324183,340.4311,2.375637,359.7926
33.70181,1.084149,1.238772,5.205987,19.63999,182.3147,1.88E-08,1.009213,0.5662501,3.323001,340.4294,2.232127,359.8294
33.83482,1.085321,1.238042,5.205744,19.62317,182.3201,-5.43E-08,1.01082,0.5656248,3.322716,340.4831,2.440095,359.7303
33.96754,1.087439,1.235424,5.205815,19.5482,182.3512,1.00E-08,1.012501,0.5662295,3.321058,340.4212,2.240751,359.8403
34.10088,1.090194,1.233783,5.205344,19.5046,182.3874,-7.69E-09,1.01511,0.5655233,3.319796,340.5291,2.633766,359.8421
34.23109,1.096131,1.234365,5.204135,19.52418,182.5053,-1.82E-08,1.019275,0.5661784,3.31936,340.3475,2.796042,359.687
34.37021,1.101101,1.234271,5.204139,19.52847,182.5686,3.46E-09,1.024206,0.5649753,3.3224,340.6525,2.612009,359.9242
34.47284,1.105101,1.231867,5.20577,19.45865,182.5896,5.37E-08,1.02907,0.5650358,3.324903,340.6833,2.63927,359.9091
34.60437,1.1088,1.231345,5.208455,19.44318,182.5234,-6.04E-08,1.036466,0.5653492,3.329161,340.6227,2.391794,359.7639
34.73294,1.111062,1.227317,5.213985,19.32539,182.362,-2.13E-08,1.044534,0.5656137,3.334463,340.8043,2.048072,359.8142
34.86637,1.110978,1.224298,5.220988,19.23027,182.075,-5.13E-09,1.053584,0.56563,3.340526,340.8879,1.770755,359.7393
34.97009,1.10936,1.220416,5.227397,19.10787,181.7957,1.25E-08,1.059487,0.5658849,3.344291,341.0726,1.443253,359.7038
35.09784,1.116786,1.220738,5.233463,19.08515,181.743,2.38E-08,1.065069,0.5670291,3.348419,340.983,1.903088,359.0891
35.23074,1.121533,1.214586,5.23984,18.90245,181.7686,-1.12E-08,1.064544,0.56618,3.351684,341.2961,1.680634,359.354
35.33106,1.120092,1.203216,5.245179,18.58162,181.7324,3.70E-09,1.061745,0.5650957,3.35112,341.6992,1.750388,359.2382
35.43687,1.1213,1.201961,5.244647,18.54558,181.8661,-4.03E-09,1.056278,0.5657482,3.348714,341.3501,1.993948,358.924
35.56944,1.127698,1.198894,5.242987,18.46378,182.3048,6.30E-08,1.045442,0.5651372,3.345977,341.7138,2.682928,358.4718
35.6697,1.13821,1.192322,5.241776,18.28493,182.8916,-3.04E-08,1.034367,0.564123,3.343271,341.9136,3.384193,358.1937
35.77101,1.144405,1.178749,5.242066,17.91485,183.4158,5.11E-08,1.021767,0.5627543,3.339977,342.3404,3.752197,358.6335
35.87223,1.146398,1.168881,5.240866,17.65803,183.8393,2.55E-08,1.009907,0.5611952,3.337121,342.4866,4.208445,358.7194
35.9735,1.158827,1.165694,5.237365,17.60727,184.5615,-9.31E-08,1.000843,0.5595286,3.33623,342.5243,5.115752,358.6259
36.10569,1.273182,1.129255,5.238569,16.54791,188.0882,2.20E-07,1.005038,0.5592919,3.342937,344.2279,9.922405,356.1494
36.23809,1.851204,0.874235,5.151538,9.375103,204.5524,-8.05E-08,1.03191,0.5482388,3.356914,350.8116,24.878,353.024
36.36935,2.124817,0.7503592,5.041494,5.932678,212.6583,-5.49E-08,1.064654,0.5402571,3.373671,356.181,36.08075,352.31
36.50327,2.334421,0.6469228,4.944078,3.12921,218.6517,-5.95E-08,1.112637,0.5339032,3.396678,358.1317,42.09326,351.9642
36.60729,2.486555,0.5732359,4.868708,1.250017,222.7964,-2.48E-09,1.16342,0.5225841,3.414777,0.2833505,46.02779,351.4892
36.70744,2.636787,0.4723538,4.789426,358.7017,226.7364,-1.49E-08,1.224776,0.5070398,3.433098,3.348893,49.71688,350.9973
36.83228,2.841252,0.3640412,4.671653,355.7821,232.0732,7.61E-08,1.321481,0.5115284,3.462534,5.697547,55.50386,350.2251
36.93454,2.986727,0.2952034,4.56984,353.7078,236.3957,1.55E-08,1.377122,0.5175122,3.488604,7.563391,59.89724,351.6227
37.03493,3.096412,0.2366417,4.488217,352.024,239.9514,2.74E-07,1.419698,0.5131875,3.517725,9.29222,62.40844,354.161
37.17155,3.214745,0.188439,4.398135,350.5145,244.0341,-5.93E-07,1.474498,0.5210398,3.557262,9.755228,66.25844,356.5216
37.29923,3.315489,0.1529274,4.330802,349.6081,247.4198,-4.58E-07,1.53358,0.5090444,3.600315,11.3738,69.30035,356.5569
37.40051,3.381407,0.08722668,4.280351,347.96,249.9387,-5.61E-07,1.578593,0.4951561,3.636123,13.50691,72.04409,357.1492
37.50355,3.44541,0.02782406,4.224723,346.5321,252.7177,3.39E-07,1.622824,0.4858089,3.677631,14.27713,74.90923,356.7403
37.60585,3.509061,0.01071861,4.185238,346.222,255.3059,7.76E-08,1.662141,0.4834026,3.730485,13.60255,77.09239,356.4041
37.71101,3.565708,0.03991772,4.207355,346.9967,256.345,-9.36E-07,1.705965,0.496834,3.791721,12.56785,76.63043,356.8013
37.82116,3.614542,0.07995616,4.276442,347.853,256.0222,-2.63E-07,1.7525,0.5092857,3.847756,11.58684,75.62798,357.223
37.94828,3.659574,0.09720302,4.339247,348.138,255.6842,6.93E-07,1.798824,0.5123656,3.893218,11.77342,75.57818,356.1454
38.06725,3.708998,0.01006818,4.404377,345.536,255.5443,2.61E-07,1.869249,0.5085816,3.952575,17.23095,75.19184,356.7368
38.19788,3.723413,-0.1263788,4.472538,341.6491,254.5399,1.21E-06,1.929858,0.4936865,3.991114,20.78346,73.69914,356.7536
38.29889,3.710797,-0.2780879,4.527239,337.3583,253.2415,2.22E-06,1.984028,0.4858053,4.016067,24.99043,72.19257,356.6403
38.40061,3.737896,-0.3712713,4.683934,334.9199,248.9543,3.86E-07,2.047297,0.4764977,4.033424,25.08007,68.95425,355.6898
38.50441,3.773831,-0.3694608,4.80561,335.2358,245.2881,9.72E-07,2.124067,0.4683084,4.046387,24.76419,65.28807,353.9577
38.60591,3.804188,-0.3765598,4.899594,334.6477,242.1193,-7.66E-07,2.206599,0.4798073,4.054404,25.35234,62.11932,351.9923
38.7364,3.836012,-0.3829456,4.927035,334.2778,241.3023,4.35E-07,2.290443,0.4850519,4.068127,25.91124,61.11491,350.3558
38.86753,3.916201,-0.3698435,4.92322,334.5438,242.0173,2.65E-06,2.360281,0.4927842,4.084212,25.12373,62.92799,352.2708
38.97122,3.982638,-0.3845678,4.873499,334.0034,243.9905,6.64E-08,2.402051,0.4930519,4.091969,26.16689,65.98718,353.6418
39.08359,4.067062,-0.3814941,4.801149,334.1625,246.8649,2.57E-06,2.446163,0.4875024,4.100859,25.76951,69.22868,353.9828
