Timestamp, Position
0.02,(0.0, 0.0, 0.0)
0.04,(0.0, 1.0, 0.0)
0.3733333,(0.0, 1.0, 0.0)
0.4081265,(0.0, 1.0, 0.0)
0.4290166,(0.0, 1.0, 0.0)
0.4445843,(0.0, 1.0, 0.0)
0.4672469,(0.0, 1.0, 0.0)
0.4788261,(0.0, 1.0, 0.0)
0.5014647,(0.0, 1.0, 0.0)
0.5409001,(0.0, 1.0, 0.0)
0.5668093,(0.0, 1.0, 0.0)
0.5774363,(0.0, 1.0, 0.0)
0.5864074,(0.0, 1.0, 0.0)
0.6009925,(0.0, 1.0, 0.0)
0.6192451,(0.0, 1.0, 0.0)
0.6351715,(0.0, 1.0, 0.0)
0.650176,(0.0, 1.0, 0.0)
0.6838496,(0.0, 1.0, 0.0)
0.701653,(0.0, 1.0, 0.0)
0.7292587,(0.0, 1.0, 0.0)
0.7417293,(0.0, 1.0, 0.0)
0.7548424,(0.0, 1.0, 0.0)
0.7685633,(0.0, 1.0, 0.0)
0.7825156,(0.0, 1.0, 0.0)
0.7965578,(0.0, 1.0, 0.0)
0.8091466,(0.0, 1.0, 0.0)
0.8212489,(0.0, 1.0, 0.0)
0.8313218,(0.0, 1.0, 0.0)
0.8427463,(0.0, 1.0, 0.0)
0.8565096,(0.0, 1.0, 0.0)
0.894717,(0.0, 1.0, 0.0)
0.9112467,(0.0, 1.0, 0.0)
0.934495,(0.0, 1.0, 0.0)
0.9482844,(0.0, 1.0, 0.0)
0.9625991,(0.0, 1.0, 0.0)
0.9770457,(0.0, 1.0, 0.0)
0.9896708,(0.0, 1.0, 0.0)
1.003692,(0.0, 1.0, 0.0)
1.01808,(0.0, 1.0, 0.0)
1.046488,(0.0, 1.0, 0.0)
1.061052,(0.0, 1.0, 0.0)
1.075614,(0.0, 1.0, 0.0)
1.087007,(0.0, 1.0, 0.0)
1.098929,(0.0, 1.0, 0.0)
1.110798,(0.0, 1.0, 0.0)
1.121903,(0.0, 1.0, 0.0)
1.133544,(0.0, 1.0, 0.0)
1.147403,(0.0, 1.0, 0.0)
1.158725,(0.0, 1.0, 0.0)
1.17284,(0.0, 1.0, 0.0)
1.19927,(0.0, 1.0, 0.0)
1.213018,(0.0, 1.0, 0.0)
1.224662,(0.0, 1.0, 0.0)
1.236746,(0.0, 1.0, 0.0)
1.251036,(0.0, 1.0, 0.0)
1.263632,(0.0, 1.0, 0.0)
1.275768,(0.0, 1.0, 0.0)
1.287983,(0.0, 1.0, 0.0)
1.30228,(0.0, 1.0, 0.0)
1.313148,(0.0, 1.0, 0.0)
1.324857,(0.0, 1.0, 0.0)
1.351908,(0.0, 1.0, 0.0)
1.365024,(0.0, 1.0, 0.0)
1.377403,(0.0, 1.0, 0.0)
1.389315,(0.0, 1.0, 0.0)
1.401795,(0.0, 1.0, 0.0)
1.413313,(0.0, 1.0, 0.0)
1.425585,(0.0, 1.0, 0.0)
1.437764,(0.0, 1.0, 0.0)
1.451334,(0.0, 1.0, 0.0)
1.46258,(0.0, 1.0, 0.0)
1.473616,(0.0, 1.0, 0.0)
1.485655,(0.0, 1.0, 0.0)
1.511917,(0.0, 1.0, 0.0)
1.52269,(0.0, 1.0, 0.0)
1.534795,(0.0, 1.0, 0.0)
1.545954,(0.0, 1.0, 0.0)
1.565498,(0.0, 1.0, 0.0)
1.578091,(0.0, 1.0, 0.0)
1.589199,(0.0, 1.0, 0.0)
1.601689,(0.0, 1.0, 0.0)
1.613346,(0.0, 1.0, 0.0)
1.624535,(0.0, 1.0, 0.0)
1.638308,(0.0, 1.0, 0.0)
1.661091,(0.0, 1.0, 0.0)
1.674066,(0.0, 1.0, 0.0)
1.685295,(0.0, 1.0, 0.0)
1.696351,(0.0, 1.0, 0.0)
1.708517,(0.0, 1.0, 0.0)
1.719212,(0.0, 1.0, 0.0)
1.730174,(0.0, 1.0, 0.0)
1.741267,(0.0, 1.0, 0.0)
1.752926,(0.0, 1.0, 0.0)
1.7645,(0.0, 1.0, 0.0)
1.776198,(0.0, 1.0, 0.0)
1.787665,(0.0, 1.0, 0.0)
1.801008,(0.0, 1.0, 0.0)
1.824397,(0.0, 1.0, 0.0)
1.835917,(0.0, 1.0, 0.0)
1.848175,(0.0, 1.0, 0.0)
1.859459,(0.0, 1.0, 0.0)
1.870494,(0.0, 1.0, 0.0)
1.882442,(0.0, 1.0, 0.0)
1.893744,(0.0, 1.0, 0.0)
1.905002,(0.0, 1.0, 0.0)
1.917734,(0.0, 1.0, 0.0)
1.928417,(0.0, 1.0, 0.0)
1.940863,(0.0, 1.0, 0.0)
1.953243,(0.0, 1.0, 0.0)
1.976647,(0.0, 1.0, 0.0)
1.987903,(0.0, 1.0, 0.0)
2.000073,(0.0, 1.0, 0.0)
2.013684,(0.0, 1.0, 0.0)
2.023787,(0.0, 1.0, 0.0)
2.03548,(0.0, 1.0, 0.0)
2.046947,(0.0, 1.0, 0.0)
2.057431,(0.0, 1.0, 0.0)
2.069372,(0.0, 1.0, 0.0)
2.08149,(0.0, 1.0, 0.0)
2.093124,(0.0, 1.0, 0.0)
2.105121,(0.0, 1.0, 0.0)
2.128694,(0.0, 1.0, 0.0)
2.139854,(0.0, 1.0, 0.0)
2.150665,(0.0, 1.0, 0.0)
2.162632,(0.0, 1.0, 0.0)
2.173118,(0.0, 1.0, 0.0)
2.184523,(0.0, 1.0, 0.0)
2.19665,(0.0, 1.0, 0.0)
2.207406,(0.0, 1.0, 0.0)
2.219297,(0.0, 1.0, 0.0)
2.231062,(0.0, 1.0, 0.0)
2.252871,(0.0, 1.0, 0.0)
2.266295,(0.0, 1.0, 0.0)
2.288581,(0.0, 1.0, 0.0)
2.300741,(0.0, 1.0, 0.0)
2.31224,(0.0, 1.0, 0.0)
2.322713,(0.0, 1.0, 0.0)
2.346318,(0.0, 1.0, 0.0)
2.369913,(0.0, 1.0, 0.0)
2.385081,(0.0, 1.0, 0.0)
2.395597,(0.0, 1.0, 0.0)
2.406274,(0.0, 1.0, 0.0)
2.418782,(0.0, 1.0, 0.0)
2.435853,(0.0, 1.0, 0.0)
2.445535,(0.0, 1.0, 0.0)
2.456077,(0.0, 1.0, 0.0)
2.466855,(0.0, 1.0, 0.0)
2.476473,(0.0, 1.0, 0.0)
2.485257,(0.0, 1.0, 0.0)
2.495416,(0.0, 1.0, 0.0)
2.504313,(0.0, 1.0, 0.0)
2.515259,(0.0, 1.0, 0.0)
2.525156,(0.0, 1.0, 0.0)
2.53518,(0.0, 1.0, 0.0)
2.545562,(0.0, 1.0, 0.0)
2.554883,(0.0, 1.0, 0.0)
2.56406,(0.0, 1.0, 0.0)
2.574682,(0.0, 1.0, 0.0)
2.584138,(0.0, 1.0, 0.0)
2.601102,(0.0, 1.0, 0.0)
2.611013,(0.0, 1.0, 0.0)
2.62007,(0.0, 1.0, 0.0)
2.630281,(0.0, 1.0, 0.0)
2.639734,(0.0, 1.0, 0.0)
2.649316,(0.0, 1.0, 0.0)
2.660178,(0.0, 1.0, 0.0)
2.669517,(0.0, 1.0, 0.0)
2.679325,(0.0, 1.0, 0.0)
2.687815,(0.0, 1.0, 0.0)
2.698048,(0.0, 1.0, 0.0)
2.707077,(0.0, 1.0, 0.0)
2.717335,(0.0, 1.0, 0.0)
2.727105,(0.0, 1.0, 0.0)
2.736207,(0.0, 1.0, 0.0)
2.746433,(0.0, 1.0, 0.0)
2.755402,(0.0, 1.0, 0.0)
2.764883,(0.0, 1.0, 0.0)
2.773858,(0.0, 1.0, 0.0)
2.783674,(0.0, 1.0, 0.0)
2.794816,(0.0, 1.0, 0.0)
2.80469,(0.0, 1.0, 0.0)
2.815282,(0.0, 1.0, 0.0)
2.826022,(0.0, 1.0, 0.0)
2.836535,(0.0, 1.0, 0.0)
2.846181,(0.0, 1.0, 0.0)
2.855999,(0.0, 1.0, 0.0)
2.866145,(0.0, 1.0, 0.0)
2.878075,(0.0, 1.0, 0.0)
2.888141,(0.0, 1.0, 0.0)
2.897955,(0.0, 1.0, 0.0)
2.90881,(0.0, 1.0, 0.0)
2.919212,(0.0, 1.0, 0.0)
2.928845,(0.0, 1.0, 0.0)
2.939139,(0.0, 1.0, 0.0)
2.949198,(0.0, 1.0, 0.0)
2.959872,(0.0, 1.0, 0.0)
2.969769,(0.0, 1.0, 0.0)
2.979782,(0.0, 1.0, 0.0)
2.989682,(0.0, 1.0, 0.0)
3.000156,(0.0, 1.0, 0.0)
3.010866,(0.0, 1.0, 0.0)
3.019992,(0.0, 1.0, 0.0)
3.030855,(0.0, 1.0, 0.0)
3.040157,(0.0, 1.0, 0.0)
3.050517,(0.0, 1.0, 0.0)
3.061745,(0.0, 1.0, 0.0)
3.071459,(0.0, 1.0, 0.0)
3.082096,(0.0, 1.0, 0.0)
3.091787,(0.0, 1.0, 0.0)
3.10286,(0.0, 1.0, 0.0)
3.11322,(0.0, 1.0, 0.0)
3.122718,(0.0, 1.0, 0.0)
3.132219,(0.0, 1.0, 0.0)
3.143632,(0.0, 1.0, 0.0)
3.153731,(0.0, 1.0, 0.0)
3.164203,(0.0, 1.0, 0.0)
3.176481,(0.0, 1.0, 0.0)
3.185914,(0.0, 1.0, 0.0)
3.1961,(0.0, 1.0, 0.0)
3.205741,(0.0, 1.0, 0.0)
3.215666,(0.0, 1.0, 0.0)
3.225997,(0.0, 1.0, 0.0)
3.235913,(0.0, 1.0, 0.0)
3.246346,(0.0, 1.0, 0.0)
3.255847,(0.0, 1.0, 0.0)
3.26608,(0.0, 1.0, 0.0)
3.276061,(0.0, 1.0, 0.0)
3.285633,(0.0, 1.0, 0.0)
3.296519,(0.0, 1.0, 0.0)
3.305635,(0.0, 1.0, 0.0)
3.315551,(0.0, 1.0, 0.0)
3.326161,(0.0, 1.0, 0.0)
3.336236,(0.0, 1.0, 0.0)
3.346262,(0.0, 1.0, 0.0)
3.355901,(0.0, 1.0, 0.0)
3.366433,(0.0, 1.0, 0.0)
3.377113,(0.0, 1.0, 0.0)
3.38719,(0.0, 1.0, 0.0)
3.397811,(0.0, 1.0, 0.0)
3.407715,(0.0, 1.0, 0.0)
3.418825,(0.0, 1.0, 0.0)
3.428838,(0.0, 1.0, 0.0)
3.438754,(0.0, 1.0, 0.0)
3.455667,(0.0, 1.0, 0.0)
3.466067,(0.0, 1.0, 0.0)
3.479808,(0.0, 1.0, 0.0)
3.490886,(0.0, 1.0, 0.0)
3.501955,(0.0, 1.0, 0.0)
3.512253,(0.0, 1.0, 0.0)
3.521491,(0.0, 1.0, 0.0)
3.531449,(0.0, 1.0, 0.0)
3.540756,(0.0, 1.0, 0.0)
3.550947,(0.0, 1.0, 0.0)
3.561416,(0.0, 1.0, 0.0)
3.570944,(0.0, 1.0, 0.0)
3.581083,(0.0, 1.0, 0.0)
3.591133,(0.0, 1.0, 0.0)
3.600767,(0.0, 1.0, 0.0)
3.610795,(0.0, 1.0, 0.0)
3.619635,(0.0, 1.0, 0.0)
3.628632,(0.0, 1.0, 0.0)
3.637993,(0.0, 1.0, 0.0)
3.647665,(0.0, 1.0, 0.0)
3.658479,(0.0, 1.0, 0.0)
3.668391,(0.0, 1.0, 0.0)
3.67777,(0.0, 1.0, 0.0)
3.686762,(0.0, 1.0, 0.0)
3.697623,(0.0, 1.0, 0.0)
3.706707,(0.0, 1.0, 0.0)
3.716092,(0.0, 1.0, 0.0)
3.725976,(0.0, 1.0, 0.0)
3.735421,(0.0, 1.0, 0.0)
3.745804,(0.0, 1.0, 0.0)
3.755332,(0.0, 1.0, 0.0)
3.769668,(0.0, 1.0, 0.0)
3.781911,(0.0, 1.0, 0.0)
3.800447,(0.0, 1.0, 0.0)
3.828718,(0.0, 1.0, 0.0)
3.842857,(0.0, 1.0, 0.0)
3.853542,(0.0, 1.0, 0.0)
3.863037,(0.0, 1.0, 0.0)
3.872435,(0.0, 1.0, 0.0)
3.882036,(0.0, 1.0, 0.0)
3.892352,(0.0, 1.0, 0.0)
3.901407,(0.0, 1.0, 0.0)
3.911242,(0.0, 1.0, 0.0)
3.920918,(0.0, 1.0, 0.0)
3.931836,(0.0, 1.0, 0.0)
3.942343,(0.0, 1.0, 0.0)
3.972313,(0.0, 1.0, 0.0)
4.023993,(0.0, 1.0, 0.0)
4.04908,(0.0, 1.0, 0.0)
4.05922,(0.0, 1.0, 0.0)
4.0692,(0.0, 1.0, 0.0)
4.080141,(0.0, 1.0, 0.0)
4.089626,(0.0, 1.0, 0.0)
4.099339,(0.0, 1.0, 0.0)
4.108075,(0.0, 1.0, 0.0)
4.118949,(0.0, 1.0, 0.0)
4.13082,(0.0, 1.0, 0.0)
4.143548,(0.0, 1.0, 0.0)
4.154372,(0.0, 1.0, 0.0)
4.168448,(0.0, 1.0, 0.0)
4.179848,(0.0, 1.0, 0.0)
4.190041,(0.0, 1.0, 0.0)
4.202389,(0.0, 1.0, 0.0)
4.213841,(0.0, 1.0, 0.0)
4.224936,(0.0, 1.0, 0.0)
4.237946,(0.0, 1.0, 0.0)
4.24895,(0.0, 1.0, 0.0)
4.261721,(0.0, 1.0, 0.0)
4.272538,(0.0, 1.0, 0.0)
4.285939,(0.0, 1.0, 0.0)
4.296216,(0.0, 1.0, 0.0)
4.306791,(0.0, 1.0, 0.0)
4.31902,(0.0, 1.0, 0.0)
4.334096,(0.0, 1.0, 0.0)
4.344104,(0.0, 1.0, 0.0)
4.354629,(0.0, 1.0, 0.0)
4.365729,(0.0, 1.0, 0.0)
4.378039,(0.0, 1.0, 0.0)
4.389234,(0.0, 1.0, 0.0)
4.401116,(0.0, 1.0, 0.0)
4.413928,(0.0, 1.0, 0.0)
4.424856,(0.0, 1.0, 0.0)
4.436951,(0.0, 1.0, 0.0)
4.448781,(0.0, 1.0, 0.0)
4.460951,(0.0, 1.0, 0.0)
4.472071,(0.0, 1.0, 0.0)
4.483389,(0.0, 1.0, 0.0)
4.497145,(0.0, 1.0, 0.0)
4.509678,(0.0, 1.0, 0.0)
4.520995,(0.0, 1.0, 0.0)
4.533335,(0.0, 1.0, 0.0)
4.546375,(0.0, 1.0, 0.0)
4.557174,(0.0, 1.0, 0.0)
4.569067,(0.0, 1.0, 0.0)
4.583855,(0.0, 1.0, 0.0)
4.593575,(0.0, 1.0, 0.0)
4.605171,(0.0, 1.0, 0.0)
4.616225,(0.0, 1.0, 0.0)
4.628324,(0.0, 1.0, 0.0)
4.639843,(0.0, 1.0, 0.0)
4.651362,(0.0, 1.0, 0.0)
4.663114,(0.0, 1.0, 0.0)
4.67396,(0.0, 1.0, 0.0)
4.685565,(0.0, 1.0, 0.0)
4.697152,(0.0, 1.0, 0.0)
4.709289,(0.0, 1.0, 0.0)
4.721122,(0.0, 1.0, 0.0)
4.731923,(0.0, 1.0, 0.0)
4.74445,(0.0, 1.0, 0.0)
4.754774,(0.0, 1.0, 0.0)
4.767671,(0.0, 1.0, 0.0)
4.780463,(0.0, 1.0, 0.0)
4.793247,(0.0, 1.0, 0.0)
4.810707,(0.0, 1.0, 0.0)
4.82059,(0.0, 1.0, 0.0)
4.832245,(0.0, 1.0, 0.0)
4.842729,(0.0, 1.0, 0.0)
4.852978,(0.0, 1.0, 0.0)
4.864181,(0.0, 1.0, 0.0)
4.875498,(0.0, 1.0, 0.0)
4.88792,(0.0, 1.0, 0.0)
4.904972,(0.0, 1.0, 0.0)
4.914482,(0.0, 1.0, 0.0)
4.924497,(0.0, 1.0, 0.0)
4.935464,(0.0, 1.0, 0.0)
4.947418,(0.0, 1.0, 0.0)
4.958588,(0.0, 1.0, 0.0)
4.970019,(0.0, 1.0, 0.0)
4.981936,(0.0, 1.0, 0.0)
4.993602,(0.0, 1.0, 0.0)
5.004526,(0.0, 1.0, 0.0)
5.016369,(0.0, 1.0, 0.0)
5.028692,(0.0, 1.0, 0.0)
5.045624,(0.0, 1.0, 0.0)
5.055175,(0.0, 1.0, 0.0)
5.064872,(0.0, 1.0, 0.0)
5.077279,(0.0, 1.0, 0.0)
5.094464,(0.0, 1.0, 0.0)
5.104111,(0.0, 1.0, 0.0)
5.114548,(0.0, 1.0, 0.0)
5.130983,(0.0, 1.0, 0.0)
5.142156,(0.0, 1.0, 0.0)
5.151813,(0.0, 1.0, 0.0)
5.161851,(0.0, 1.0, 0.0)
5.172014,(0.0, 1.0, 0.0)
5.183993,(0.0, 1.0, 0.0)
5.19633,(0.0, 1.0, 0.0)
5.213591,(0.0, 1.0, 0.0)
5.224695,(0.0, 1.0, 0.0)
5.233899,(0.0, 1.0, 0.0)
5.244088,(0.0, 1.0, 0.0)
5.255252,(0.0, 1.0, 0.0)
5.267185,(0.0, 1.0, 0.0)
5.286285,(0.0, 1.0, 0.0)
5.298591,(0.0, 1.0, 0.0)
5.308026,(0.0, 1.0, 0.0)
5.317881,(0.0, 1.0, 0.0)
5.328449,(0.0, 1.0, 0.0)
5.340756,(0.0, 1.0, 0.0)
5.352201,(0.0, 1.0, 0.0)
5.363693,(0.0, 1.0, 0.0)
5.375885,(0.0, 1.0, 0.0)
5.387618,(0.0, 1.0, 0.0)
5.399053,(0.0, 1.0, 0.0)
5.414649,(0.0, 1.0, 0.0)
5.425617,(0.0, 1.0, 0.0)
5.435333,(0.0, 1.0, 0.0)
5.446999,(0.0, 1.0, 0.0)
5.458323,(0.0, 1.0, 0.0)
5.471692,(0.0, 1.0, 0.0)
5.482177,(0.0, 1.0, 0.0)
5.494411,(0.0, 1.0, 0.0)
5.504999,(0.0, 1.0, 0.0)
5.517053,(0.0, 1.0, 0.0)
5.538831,(0.0, 1.0, 0.0)
5.550312,(0.0, 1.0, 0.0)
5.561936,(0.0, 1.0, 0.0)
5.5741,(0.0, 1.0, 0.0)
5.585115,(0.0, 1.0, 0.0)
5.595668,(0.0, 1.0, 0.0)
5.60432,(0.0, 1.0, 0.0)
5.614538,(0.0, 1.0, 0.0)
5.625074,(0.0, 1.0, 0.0)
5.637163,(0.0, 1.0, 0.0)
5.648202,(0.0, 1.0, 0.0)
5.659962,(0.0, 1.0, 0.0)
5.670982,(0.0, 1.0, 0.0)
5.681882,(0.0, 1.0, 0.0)
5.693506,(0.0, 1.0, 0.0)
5.704859,(0.0, 1.0, 0.0)
5.71553,(0.0, 1.0, 0.0)
5.731246,(0.0, 1.0, 0.0)
5.744572,(0.0, 1.0, 0.0)
5.755208,(0.0, 1.0, 0.0)
5.76487,(0.0, 1.0, 0.0)
5.773798,(0.0, 1.0, 0.0)
5.785445,(0.0, 1.0, 0.0)
5.796405,(0.0, 1.0, 0.0)
5.818142,(0.0, 1.0, 0.0)
5.855436,(0.0, 1.0, 0.0)
5.884817,(0.0, 1.0, 0.0)
5.895567,(0.0, 1.0, 0.0)
5.906599,(0.0, 1.0, 0.0)
5.918116,(0.0, 1.0, 0.0)
5.92999,(0.0, 1.0, 0.0)
5.942574,(0.0, 1.0, 0.0)
5.954995,(0.0, 1.0, 0.0)
5.969754,(0.0, 1.0, 0.0)
5.999721,(0.0, 1.0, 0.0)
6.014109,(0.0, 1.0, 0.0)
6.02843,(0.0, 1.0, 0.0)
6.042769,(0.0, 1.0, 0.0)
6.055912,(0.0, 1.0, 0.0)
6.06958,(0.0, 1.0, 0.0)
6.08275,(0.0, 1.0, 0.0)
6.094947,(0.0, 1.0, 0.0)
6.106334,(0.0, 1.0, 0.0)
6.118378,(0.0, 1.0, 0.0)
6.130384,(0.0, 1.0, 0.0)
6.153929,(0.0, 1.0, 0.0)
6.167532,(0.0, 1.0, 0.0)
6.179774,(0.0, 1.0, 0.0)
6.190366,(0.0, 1.0, 0.0)
6.202758,(0.0, 1.0, 0.0)
6.214178,(0.0, 1.0, 0.0)
6.226787,(0.0, 1.0, 0.0)
6.238477,(0.0, 1.0, 0.0)
6.25088,(0.0, 1.0, 0.0)
6.274449,(0.0, 1.0, 0.0)
6.287754,(0.0, 1.0, 0.0)
6.315221,(0.0, 1.0, 0.0)
6.328592,(0.0, 1.0, 0.0)
6.340064,(0.0, 1.0, 0.0)
6.352324,(0.0, 1.0, 0.0)
6.36391,(0.0, 1.0, 0.0)
6.376424,(0.0, 1.0, 0.0)
6.393734,(0.0, 1.0, 0.0)
6.410369,(0.0, 1.0, 0.0)
6.421725,(0.0, 1.0, 0.0)
6.43445,(0.0, 1.0, 0.0)
6.445886,(0.0, 1.0, 0.0)
6.471208,(0.0, 1.0, 0.0)
6.483231,(0.0, 1.0, 0.0)
6.494398,(0.0, 1.0, 0.0)
6.506083,(0.0, 1.0, 0.0)
6.517844,(0.0, 1.0, 0.0)
6.529636,(0.0, 1.0, 0.0)
6.542078,(0.0, 1.0, 0.0)
6.556095,(0.0, 1.0, 0.0)
6.569415,(0.0, 1.0, 0.0)
6.582145,(0.0, 1.0, 0.0)
6.598035,(0.0, 1.0, 0.0)
6.627027,(0.0, 1.0, 0.0)
6.641809,(0.0, 1.0, 0.0)
6.655078,(0.0, 1.0, 0.0)
6.668653,(0.0, 1.0, 0.0)
6.681267,(0.0, 1.0, 0.0)
6.694504,(0.0, 1.0, 0.0)
6.708295,(0.0, 1.0, 0.0)
6.720091,(0.0, 1.0, 0.0)
6.732234,(0.0, 1.0, 0.0)
6.744492,(0.0, 1.0, 0.0)
6.756602,(0.0, 1.0, 0.0)
6.783633,(0.0, 1.0, 0.0)
6.796166,(0.0, 1.0, 0.0)
6.813479,(0.0, 1.0, 0.0)
6.842015,(0.0, 1.0, 0.0)
6.852781,(0.0, 1.0, 0.0)
6.865573,(0.0, 1.0, 0.0)
6.878604,(0.0, 1.0, 0.0)
6.889032,(0.0, 1.0, 0.0)
6.900933,(0.0, 1.0, 0.0)
6.913833,(0.0, 1.0, 0.0)
6.940528,(0.0, 1.0, 0.0)
6.966869,(0.0, 1.0, 0.0)
6.99483,(0.0, 1.0, 0.0)
7.021685,(0.0, 1.1, 0.0)
7.047382,(0.0, 1.1, 0.0)
7.07708,(0.0, 1.2, 0.0)
7.108094,(0.0, 1.2, 0.0)
7.135056,(0.0, 1.2, 0.0)
7.164111,(0.0, 1.2, 0.0)
7.196478,(0.0, 1.3, 0.0)
7.222133,(0.0, 1.3, 0.0)
7.249668,(0.0, 1.3, 0.0)
7.276286,(0.0, 1.3, 0.0)
7.307887,(0.0, 1.4, 0.0)
7.334671,(0.0, 1.4, 0.0)
7.361866,(0.0, 1.4, 0.0)
7.388926,(0.0, 1.4, 0.0)
7.416559,(0.0, 1.5, 0.0)
7.444146,(0.0, 1.5, 0.0)
7.471076,(0.0, 1.5, 0.0)
7.497855,(0.0, 1.6, 0.0)
7.524715,(0.0, 1.6, 0.0)
7.551759,(0.0, 1.7, 0.0)
7.580063,(0.0, 1.8, 0.0)
7.606589,(0.0, 1.9, 0.0)
7.632792,(0.0, 2.1, 0.0)
7.66232,(0.0, 2.2, 0.0)
7.689662,(0.0, 2.3, 0.0)
7.716811,(0.0, 2.3, 0.0)
7.742816,(0.0, 2.4, 0.0)
7.769668,(0.0, 2.4, 0.0)
7.796315,(0.0, 2.4, 0.0)
7.823071,(0.0, 2.5, 0.0)
7.849477,(0.0, 2.5, 0.0)
7.875624,(0.0, 2.6, 0.0)
7.901621,(0.0, 2.6, 0.0)
7.933747,(0.0, 2.6, 0.0)
7.95998,(0.0, 2.6, 0.0)
7.986032,(0.0, 2.6, 0.0)
8.011737,(0.0, 2.6, 0.0)
8.022481,(0.0, 2.6, 0.0)
8.033936,(0.0, 2.6, 0.0)
8.045348,(0.0, 2.6, 0.0)
8.05957,(0.0, 2.6, 0.0)
8.085926,(0.0, 2.6, 0.0)
8.0998,(0.0, 2.6, 0.0)
8.113659,(0.0, 2.6, 0.0)
8.12458,(0.0, 2.6, 0.0)
8.136679,(0.0, 2.6, 0.0)
8.149605,(0.0, 2.6, 0.0)
8.161932,(0.0, 2.6, 0.0)
8.18618,(0.0, 2.6, 0.0)
8.198499,(0.0, 2.6, 0.0)
8.221313,(0.0, 2.6, 0.0)
8.24532,(0.0, 2.6, 0.0)
8.256802,(0.0, 2.6, 0.0)
8.268806,(0.0, 2.6, 0.0)
8.28007,(0.0, 2.6, 0.0)
8.290426,(0.0, 2.6, 0.0)
8.300722,(0.0, 2.6, 0.0)
8.313334,(0.0, 2.6, 0.0)
8.341602,(0.0, 2.6, 0.0)
8.366755,(0.0, 2.6, 0.0)
8.378894,(0.0, 2.6, 0.0)
8.404856,(0.0, 2.6, 0.0)
8.41778,(0.0, 2.6, 0.0)
8.429294,(0.0, 2.6, 0.0)
8.440404,(0.0, 2.6, 0.0)
8.451956,(0.0, 2.6, 0.0)
8.463676,(0.0, 2.6, 0.0)
8.475519,(0.0, 2.6, 0.0)
8.486917,(0.0, 2.6, 0.0)
8.499699,(0.0, 2.6, 0.0)
8.510791,(0.0, 2.6, 0.0)
8.521457,(0.0, 2.6, 0.0)
8.532899,(0.0, 2.6, 0.0)
8.557579,(0.0, 2.6, 0.0)
8.569243,(0.0, 2.6, 0.0)
8.580743,(0.0, 2.6, 0.0)
8.59428,(0.0, 2.6, 0.0)
8.604716,(0.0, 2.6, 0.0)
8.616745,(0.0, 2.6, 0.0)
8.628364,(0.0, 2.6, 0.0)
8.640594,(0.0, 2.6, 0.0)
8.651331,(0.0, 2.6, 0.0)
8.662955,(0.0, 2.6, 0.0)
8.673523,(0.0, 2.6, 0.0)
8.687591,(0.0, 2.6, 0.0)
8.713743,(0.0, 2.6, 0.0)
8.725566,(0.0, 2.6, 0.0)
8.737166,(0.0, 2.6, 0.0)
8.748682,(0.0, 2.6, 0.0)
8.760547,(0.0, 2.6, 0.0)
8.770867,(0.0, 2.6, 0.0)
8.781505,(0.0, 2.6, 0.0)
8.794037,(0.0, 2.6, 0.0)
8.804911,(0.0, 2.6, 0.0)
8.81873,(0.0, 2.6, 0.0)
8.841143,(0.0, 2.6, 0.0)
8.871986,(0.0, 2.6, 0.0)
8.882785,(0.0, 2.6, 0.0)
8.89484,(0.0, 2.6, 0.0)
8.905384,(0.0, 2.6, 0.0)
8.91866,(0.0, 2.6, 0.0)
8.943172,(0.0, 2.6, 0.0)
8.967703,(0.0, 2.6, 0.0)
8.995204,(-0.1, 2.6, 0.0)
9.021521,(-0.2, 2.6, 0.0)
9.049212,(-0.3, 2.6, 0.0)
9.077068,(-0.3, 2.6, 0.0)
9.103084,(-0.4, 2.6, 0.0)
9.130151,(-0.4, 2.6, 0.0)
9.158133,(-0.4, 2.6, 0.0)
9.185402,(-0.4, 2.6, 0.0)
9.2142,(-0.5, 2.6, 0.0)
9.240431,(-0.5, 2.6, 0.0)
9.267315,(-0.6, 2.6, 0.0)
9.29488,(-0.6, 2.6, 0.0)
9.321991,(-0.7, 2.6, 0.0)
9.349351,(-0.8, 2.6, 0.0)
9.377645,(-1.0, 2.6, 0.0)
9.404077,(-1.3, 2.6, 0.0)
9.431015,(-1.4, 2.6, 0.0)
9.459176,(-1.6, 2.7, 0.0)
9.488272,(-1.7, 2.7, 0.0)
9.515351,(-1.7, 2.7, 0.0)
9.549261,(-1.9, 2.7, 0.0)
9.577085,(-2.0, 2.7, 0.0)
9.603057,(-2.2, 2.7, 0.0)
9.630302,(-2.4, 2.7, 0.0)
9.659043,(-2.6, 2.7, 0.0)
9.688808,(-2.9, 2.7, 0.0)
9.715967,(-3.2, 2.7, 0.0)
9.746367,(-3.3, 2.7, 0.0)
9.773211,(-3.5, 2.7, 0.0)
9.80111,(-3.6, 2.7, 0.0)
9.828631,(-3.7, 2.7, 0.0)
9.854324,(-3.8, 2.7, 0.0)
9.881709,(-3.9, 2.8, 0.0)
9.908088,(-4.0, 2.8, 0.0)
9.934057,(-4.1, 2.8, 0.0)
9.961172,(-4.2, 2.8, 0.0)
9.98824,(-4.3, 2.8, 0.0)
10.01587,(-4.4, 2.8, 0.0)
10.04204,(-4.6, 2.8, 0.0)
10.06913,(-4.7, 2.8, 0.0)
10.09726,(-4.8, 2.8, 0.0)
10.12246,(-4.8, 2.8, 0.0)
10.13423,(-4.8, 2.8, 0.0)
10.14608,(-4.8, 2.8, 0.0)
10.16842,(-4.8, 2.8, 0.0)
10.18479,(-4.8, 2.8, 0.0)
10.1972,(-4.8, 2.8, 0.0)
10.20816,(-4.8, 2.8, 0.0)
10.2198,(-4.8, 2.8, 0.0)
10.23122,(-4.8, 2.8, 0.0)
10.24316,(-4.8, 2.8, 0.0)
10.25443,(-4.8, 2.8, 0.0)
10.26885,(-4.8, 2.8, 0.0)
10.28225,(-4.8, 2.8, 0.0)
10.30561,(-4.8, 2.8, 0.0)
10.33672,(-4.8, 2.8, 0.0)
10.34948,(-4.8, 2.8, 0.0)
10.36377,(-4.8, 2.8, 0.0)
10.37803,(-4.8, 2.8, 0.0)
10.39084,(-4.8, 2.8, 0.0)
10.40512,(-4.8, 2.8, 0.0)
10.41912,(-4.8, 2.8, 0.0)
10.43341,(-4.8, 2.8, 0.0)
10.44901,(-4.8, 2.8, 0.0)
10.48886,(-4.8, 2.8, 0.0)
10.51601,(-4.8, 2.8, 0.0)
10.53885,(-4.8, 2.8, 0.0)
10.55097,(-4.8, 2.8, 0.0)
10.57322,(-4.8, 2.8, 0.0)
10.60292,(-4.8, 2.8, 0.0)
10.62442,(-4.8, 2.8, 0.0)
10.63715,(-4.8, 2.8, 0.0)
10.66111,(-4.8, 2.8, 0.0)
10.68418,(-4.8, 2.8, 0.0)
10.69951,(-4.8, 2.8, 0.0)
10.71103,(-4.8, 2.8, 0.0)
10.72212,(-4.8, 2.8, 0.0)
10.73385,(-4.8, 2.8, 0.0)
10.74615,(-4.8, 2.8, 0.0)
10.75799,(-4.8, 2.8, 0.0)
10.77143,(-4.8, 2.8, 0.0)
10.80318,(-4.8, 2.8, 0.0)
10.83116,(-4.8, 2.8, 0.0)
10.85773,(-4.8, 2.8, 0.0)
10.86984,(-4.8, 2.8, 0.0)
10.88234,(-4.8, 2.8, 0.0)
10.91149,(-4.8, 2.8, 0.0)
10.93344,(-4.8, 2.8, 0.0)
10.94532,(-4.8, 2.8, 0.0)
10.95686,(-4.8, 2.8, 0.0)
10.96886,(-4.8, 2.8, 0.0)
10.98077,(-4.8, 2.8, 0.0)
10.99163,(-4.8, 2.8, 0.0)
11.01514,(-4.8, 2.8, 0.0)
11.02619,(-4.8, 2.8, 0.0)
11.03662,(-4.8, 2.8, 0.0)
11.04838,(-4.8, 2.8, 0.0)
11.06039,(-4.8, 2.8, 0.0)
11.07132,(-4.8, 2.8, 0.0)
11.08204,(-4.8, 2.8, 0.0)
11.09505,(-4.8, 2.8, 0.0)
11.11048,(-4.8, 2.8, 0.0)
11.12086,(-4.8, 2.8, 0.0)
11.13204,(-4.8, 2.8, 0.0)
11.14388,(-4.8, 2.8, 0.0)
11.16886,(-4.8, 2.8, 0.0)
11.18006,(-4.8, 2.8, 0.0)
11.19318,(-4.8, 2.8, 0.0)
11.21181,(-4.8, 2.8, 0.0)
11.23773,(-4.8, 2.8, 0.0)
11.24982,(-4.8, 2.8, 0.0)
11.26174,(-4.8, 2.8, 0.0)
11.27216,(-4.8, 2.8, 0.0)
11.28292,(-4.8, 2.8, 0.0)
11.29567,(-4.8, 2.8, 0.0)
11.31924,(-4.8, 2.8, 0.0)
11.34507,(-4.8, 2.8, 0.0)
11.37212,(-4.8, 2.8, 0.0)
11.3989,(-4.8, 2.8, 0.0)
11.42555,(-4.8, 2.8, 0.0)
11.45278,(-4.8, 2.8, 0.0)
11.47931,(-4.8, 2.8, 0.0)
11.50488,(-4.8, 2.8, 0.0)
11.53131,(-4.8, 2.8, 0.0)
11.55753,(-4.8, 2.8, 0.0)
11.58465,(-4.8, 2.8, 0.0)
11.61185,(-4.8, 2.8, 0.0)
11.63843,(-4.8, 2.8, 0.0)
11.66328,(-4.8, 2.8, 0.0)
11.69145,(-4.8, 2.8, 0.0)
11.71963,(-4.8, 2.8, 0.0)
11.74631,(-4.8, 2.8, 0.0)
11.77273,(-4.8, 2.8, 0.0)
11.79914,(-4.8, 2.8, 0.0)
11.82487,(-4.8, 2.8, 0.0)
11.85563,(-4.8, 2.8, 0.0)
11.88802,(-4.8, 2.8, 0.0)
11.91153,(-4.8, 2.8, 0.0)
11.92287,(-4.8, 2.8, 0.0)
11.94955,(-4.8, 2.8, 0.0)
11.97677,(-4.8, 2.8, 0.0)
12.00217,(-4.8, 2.8, 0.0)
12.0287,(-4.8, 2.8, 0.0)
12.05464,(-4.8, 2.8, 0.0)
12.08143,(-4.8, 2.8, 0.0)
12.1079,(-4.8, 2.8, 0.0)
12.1346,(-4.8, 2.8, 0.0)
12.16307,(-4.8, 2.8, 0.0)
12.18882,(-4.8, 2.8, 0.0)
12.21305,(-4.8, 2.8, 0.0)
12.22628,(-4.8, 2.8, 0.0)
12.2519,(-4.8, 2.8, 0.0)
12.27393,(-4.8, 2.8, 0.0)
12.28514,(-4.8, 2.8, 0.0)
12.29701,(-4.8, 2.8, 0.0)
12.308,(-4.8, 2.8, 0.0)
12.31892,(-4.8, 2.8, 0.0)
12.33009,(-4.8, 2.8, 0.0)
12.34116,(-4.8, 2.8, 0.0)
12.3538,(-4.8, 2.8, 0.0)
12.38155,(-4.8, 2.8, 0.0)
12.40958,(-4.8, 2.8, 0.0)
12.43586,(-4.8, 2.8, 0.0)
12.46386,(-4.8, 2.8, 0.0)
12.48972,(-4.8, 2.8, 0.0)
12.51641,(-4.8, 2.8, 0.0)
12.54875,(-4.8, 2.8, 0.0)
12.57889,(-4.8, 2.8, 0.0)
12.60428,(-4.8, 2.8, 0.0)
12.63072,(-4.8, 2.8, 0.0)
12.65785,(-4.8, 2.8, 0.0)
12.68371,(-4.8, 2.8, 0.0)
12.70977,(-4.8, 2.8, 0.0)
12.73613,(-4.8, 2.8, 0.0)
12.76334,(-4.8, 2.8, 0.0)
12.78898,(-4.8, 2.8, 0.0)
12.81721,(-4.8, 2.8, 0.0)
12.84353,(-4.8, 2.8, 0.0)
12.87198,(-4.8, 2.8, 0.0)
12.90256,(-4.8, 2.8, 0.0)
12.9291,(-4.8, 2.8, 0.0)
12.95629,(-4.8, 2.8, 0.0)
12.98093,(-4.8, 2.8, 0.0)
12.9944,(-4.8, 2.8, 0.0)
13.02026,(-4.8, 2.8, 0.0)
13.04687,(-4.8, 2.8, 0.0)
13.07435,(-4.8, 2.8, 0.0)
13.10085,(-4.8, 2.8, 0.0)
13.1243,(-4.8, 2.8, 0.0)
13.13499,(-4.8, 2.8, 0.0)
13.14624,(-4.8, 2.8, 0.0)
13.15852,(-4.8, 2.8, 0.0)
13.18948,(-4.8, 2.8, 0.0)
13.2011,(-4.8, 2.8, 0.0)
13.21303,(-4.8, 2.8, 0.0)
13.22369,(-4.8, 2.8, 0.0)
13.24041,(-4.8, 2.8, 0.0)
13.26616,(-4.8, 2.8, 0.0)
13.28005,(-4.8, 2.8, 0.0)
13.29372,(-4.8, 2.8, 0.0)
13.30762,(-4.8, 2.8, 0.0)
13.32127,(-4.8, 2.8, 0.0)
13.33513,(-4.8, 2.8, 0.0)
13.34908,(-4.8, 2.8, 0.0)
13.368,(-4.8, 2.8, 0.0)
13.38227,(-4.8, 2.8, 0.0)
13.39668,(-4.8, 2.8, 0.0)
13.42089,(-4.8, 2.8, 0.0)
13.43512,(-4.8, 2.8, 0.0)
13.44978,(-4.8, 2.8, 0.0)
13.4641,(-4.8, 2.8, 0.0)
13.47867,(-4.8, 2.8, 0.0)
13.49134,(-4.8, 2.8, 0.0)
13.50602,(-4.8, 2.8, 0.0)
13.53078,(-4.8, 2.8, 0.0)
13.54156,(-4.8, 2.8, 0.0)
13.55315,(-4.8, 2.8, 0.0)
13.58182,(-4.8, 2.8, 0.0)
13.59483,(-4.8, 2.8, 0.0)
13.61719,(-4.8, 2.8, 0.0)
13.62811,(-4.8, 2.8, 0.0)
13.63916,(-4.8, 2.8, 0.0)
13.66157,(-4.8, 2.8, 0.0)
13.67284,(-4.8, 2.8, 0.0)
13.68416,(-4.8, 2.8, 0.0)
13.69759,(-4.8, 2.8, 0.0)
13.70958,(-4.8, 2.8, 0.0)
13.73225,(-4.8, 2.8, 0.0)
13.74255,(-4.8, 2.8, 0.0)
13.75353,(-4.8, 2.8, 0.0)
13.76524,(-4.8, 2.8, 0.0)
13.77633,(-4.8, 2.8, 0.0)
13.78876,(-4.8, 2.8, 0.0)
13.80063,(-4.8, 2.8, 0.0)
13.81307,(-4.8, 2.8, 0.0)
13.82723,(-4.8, 2.8, 0.0)
13.83875,(-4.8, 2.8, 0.0)
13.8502,(-4.8, 2.8, 0.0)
13.86127,(-4.8, 2.8, 0.0)
13.88423,(-4.8, 2.8, 0.0)
13.89473,(-4.8, 2.8, 0.0)
13.90616,(-4.8, 2.8, 0.0)
13.9208,(-4.8, 2.8, 0.0)
13.93439,(-4.8, 2.8, 0.0)
13.94778,(-4.8, 2.8, 0.0)
13.96054,(-4.8, 2.8, 0.0)
13.98473,(-4.8, 2.8, 0.0)
14.01944,(-4.8, 2.8, 0.0)
14.04623,(-4.8, 2.8, 0.0)
14.05699,(-4.8, 2.8, 0.0)
14.06857,(-4.8, 2.8, 0.0)
14.08155,(-4.8, 2.8, 0.0)
14.09423,(-4.8, 2.8, 0.0)
14.10509,(-4.8, 2.8, 0.0)
14.12237,(-4.8, 2.8, 0.0)
14.13508,(-4.8, 2.8, 0.0)
14.14948,(-4.8, 2.8, 0.0)
14.16197,(-4.8, 2.8, 0.0)
14.17379,(-4.8, 2.8, 0.0)
14.19853,(-4.8, 2.8, 0.0)
14.20969,(-4.8, 2.8, 0.0)
14.22076,(-4.8, 2.8, 0.0)
14.23326,(-4.8, 2.8, 0.0)
14.24501,(-4.8, 2.8, 0.0)
14.27281,(-4.8, 2.8, 0.0)
14.29677,(-4.8, 2.8, 0.0)
14.30871,(-4.8, 2.8, 0.0)
14.32143,(-4.8, 2.8, 0.0)
14.33299,(-4.8, 2.8, 0.0)
14.36009,(-4.8, 2.8, 0.0)
14.37106,(-4.8, 2.8, 0.0)
14.38234,(-4.8, 2.8, 0.0)
14.39422,(-4.8, 2.8, 0.0)
14.40447,(-4.8, 2.8, 0.0)
14.41648,(-4.8, 2.8, 0.0)
14.42761,(-4.8, 2.8, 0.0)
14.43907,(-4.8, 2.8, 0.0)
14.45511,(-4.8, 2.8, 0.0)
14.4669,(-4.8, 2.8, 0.0)
14.47812,(-4.8, 2.8, 0.0)
14.4893,(-4.8, 2.8, 0.0)
14.51673,(-4.8, 2.8, 0.0)
14.54285,(-4.8, 2.8, 0.0)
14.55452,(-4.8, 2.8, 0.0)
14.56598,(-4.8, 2.8, 0.0)
14.57828,(-4.8, 2.8, 0.0)
14.58907,(-4.8, 2.8, 0.0)
14.60155,(-4.8, 2.8, 0.0)
14.61341,(-4.8, 2.8, 0.0)
14.62477,(-4.8, 2.8, 0.0)
14.63831,(-4.8, 2.8, 0.0)
14.66668,(-4.8, 2.8, 0.0)
14.69379,(-4.8, 2.8, 0.0)
14.7204,(-4.9, 2.8, 0.0)
14.7461,(-5.1, 2.8, 0.0)
14.77293,(-5.1, 2.8, 0.0)
14.80053,(-5.2, 2.8, 0.0)
14.82809,(-5.2, 2.8, 0.0)
14.85311,(-5.2, 2.8, 0.0)
14.86456,(-5.2, 2.8, 0.0)
14.8763,(-5.2, 2.8, 0.0)
14.88888,(-5.2, 2.8, 0.0)
14.90068,(-5.2, 2.8, 0.0)
14.91159,(-5.2, 2.8, 0.0)
14.92261,(-5.2, 2.8, 0.0)
14.93471,(-5.2, 2.8, 0.0)
14.95008,(-5.2, 2.8, 0.0)
14.98102,(-5.2, 2.8, 0.0)
15.013,(-5.3, 2.8, 0.0)
15.04448,(-5.3, 2.8, 0.0)
15.06903,(-5.3, 2.8, 0.0)
15.08144,(-5.3, 2.8, 0.0)
15.09271,(-5.3, 2.8, 0.0)
15.10357,(-5.3, 2.8, 0.0)
15.11509,(-5.3, 2.8, 0.0)
15.12752,(-5.3, 2.8, 0.0)
15.13859,(-5.3, 2.8, 0.0)
15.16104,(-5.3, 2.8, 0.0)
15.17203,(-5.3, 2.8, 0.0)
15.18346,(-5.3, 2.8, 0.0)
15.19492,(-5.3, 2.8, 0.0)
15.20541,(-5.3, 2.8, 0.0)
15.21764,(-5.3, 2.8, 0.0)
15.2289,(-5.3, 2.8, 0.0)
15.24016,(-5.3, 2.8, 0.0)
15.25384,(-5.3, 2.8, 0.0)
15.27841,(-5.3, 2.8, 0.0)
15.28956,(-5.3, 2.8, 0.0)
15.31703,(-5.3, 2.8, 0.0)
15.32874,(-5.3, 2.8, 0.0)
15.33968,(-5.3, 2.8, 0.0)
15.35143,(-5.3, 2.8, 0.0)
15.36381,(-5.3, 2.8, 0.0)
15.3763,(-5.3, 2.8, 0.0)
15.38903,(-5.3, 2.8, 0.0)
15.40129,(-5.3, 2.8, 0.0)
15.41544,(-5.3, 2.8, 0.0)
15.42908,(-5.3, 2.8, 0.0)
15.43966,(-5.3, 2.8, 0.0)
15.46323,(-5.3, 2.8, 0.0)
15.4752,(-5.3, 2.8, 0.0)
15.48776,(-5.3, 2.8, 0.0)
15.49992,(-5.3, 2.8, 0.0)
15.51201,(-5.3, 2.8, 0.0)
15.52343,(-5.3, 2.8, 0.0)
15.5355,(-5.3, 2.8, 0.0)
15.54803,(-5.3, 2.8, 0.0)
15.57212,(-5.3, 2.8, 0.0)
15.58438,(-5.3, 2.8, 0.0)
15.59599,(-5.3, 2.8, 0.0)
15.62265,(-5.3, 2.8, 0.0)
15.63376,(-5.3, 2.8, 0.0)
15.64457,(-5.3, 2.8, 0.0)
15.65729,(-5.3, 2.8, 0.0)
15.66798,(-5.3, 2.8, 0.0)
15.67944,(-5.3, 2.8, 0.0)
15.6911,(-5.3, 2.8, 0.0)
15.70872,(-5.3, 2.8, 0.0)
15.73604,(-5.3, 2.8, 0.0)
15.76147,(-5.3, 2.8, 0.0)
15.78693,(-5.3, 2.8, 0.0)
15.79867,(-5.3, 2.8, 0.0)
15.8092,(-5.3, 2.8, 0.0)
15.82015,(-5.3, 2.8, 0.0)
15.83284,(-5.3, 2.8, 0.0)
15.84393,(-5.3, 2.8, 0.0)
15.85598,(-5.3, 2.8, 0.0)
15.86666,(-5.3, 2.8, 0.0)
15.87828,(-5.3, 2.8, 0.0)
15.88881,(-5.3, 2.8, 0.0)
15.90354,(-5.3, 2.8, 0.0)
15.91561,(-5.3, 2.8, 0.0)
15.93968,(-5.3, 2.8, 0.0)
15.96584,(-5.3, 2.8, 0.0)
15.9782,(-5.3, 2.8, 0.0)
15.99016,(-5.3, 2.8, 0.0)
16.00293,(-5.3, 2.8, 0.0)
16.01671,(-5.3, 2.8, 0.0)
16.03086,(-5.3, 2.8, 0.0)
16.06091,(-5.3, 2.8, 0.0)
16.08504,(-5.3, 2.8, 0.0)
16.11281,(-5.3, 2.4, 0.0)
16.13958,(-5.3, 1.9, 0.0)
16.16721,(-5.3, 1.7, 0.0)
16.1945,(-5.3, 1.6, 0.0)
16.22248,(-5.3, 1.4, 0.0)
16.25076,(-5.3, 1.0, 0.0)
16.27754,(-5.3, 0.5, 0.0)
16.30481,(-5.3, 0.3, 0.0)
16.33253,(-5.3, 0.1, 0.0)
16.3586,(-5.3, -0.1, 0.0)
16.38314,(-5.3, -0.2, 0.0)
16.39557,(-5.3, -0.2, 0.0)
16.40697,(-5.3, -0.2, 0.0)
16.42941,(-5.3, -0.2, 0.0)
16.4408,(-5.3, -0.2, 0.0)
16.45302,(-5.3, -0.2, 0.0)
16.46581,(-5.3, -0.2, 0.0)
16.47748,(-5.3, -0.2, 0.0)
16.4878,(-5.3, -0.2, 0.0)
16.50026,(-5.3, -0.2, 0.0)
16.51184,(-5.3, -0.2, 0.0)
16.52244,(-5.3, -0.2, 0.0)
16.53816,(-5.3, -0.2, 0.0)
16.54966,(-5.3, -0.2, 0.0)
16.56203,(-5.3, -0.2, 0.0)
16.58703,(-5.3, -0.2, 0.0)
16.61908,(-5.3, -0.2, 0.0)
16.64619,(-5.3, -0.3, 0.0)
16.67227,(-5.3, -0.5, 0.0)
16.70022,(-5.3, -0.9, 0.0)
16.72676,(-5.3, -1.0, 0.0)
16.75364,(-5.3, -1.3, 0.0)
16.78562,(-5.3, -1.6, 0.0)
16.81322,(-5.3, -1.9, 0.0)
16.83952,(-5.3, -2.0, 0.0)
16.86636,(-5.3, -2.1, 0.0)
16.87934,(-5.3, -2.1, 0.0)
16.90167,(-5.3, -2.1, 0.0)
16.91304,(-5.3, -2.1, 0.0)
16.92406,(-5.3, -2.1, 0.0)
16.93572,(-5.3, -2.1, 0.0)
16.94881,(-5.3, -2.1, 0.0)
16.96037,(-5.3, -2.1, 0.0)
16.97186,(-5.3, -2.1, 0.0)
16.98311,(-5.3, -2.1, 0.0)
17.00003,(-5.3, -2.1, 0.0)
17.01116,(-5.3, -2.1, 0.0)
17.02176,(-5.3, -2.1, 0.0)
17.03388,(-5.3, -2.1, 0.0)
17.06025,(-5.3, -2.1, 0.0)
17.07322,(-5.3, -2.1, 0.0)
17.08677,(-5.3, -2.1, 0.0)
17.09994,(-5.3, -2.1, 0.0)
17.12702,(-5.3, -2.1, 0.0)
17.13845,(-5.3, -2.1, 0.0)
17.15084,(-5.3, -2.1, 0.0)
17.17961,(-5.3, -2.1, 0.0)
17.21709,(-5.3, -2.1, 0.0)
17.25522,(-5.3, -2.1, 0.0)
17.27831,(-5.3, -2.1, 0.0)
17.29088,(-5.3, -2.1, 0.0)
17.30334,(-5.3, -2.1, 0.0)
17.31494,(-5.3, -2.1, 0.0)
17.32617,(-5.3, -2.1, 0.0)
17.33704,(-5.3, -2.1, 0.0)
17.34821,(-5.3, -2.1, 0.0)
17.36039,(-5.3, -2.1, 0.0)
17.37133,(-5.3, -2.1, 0.0)
17.39924,(-5.3, -2.1, 0.0)
17.41145,(-5.3, -2.1, 0.0)
17.42258,(-5.3, -2.1, 0.0)
17.43422,(-5.3, -2.1, 0.0)
17.447,(-5.3, -2.1, 0.0)
17.45866,(-5.3, -2.1, 0.0)
17.46981,(-5.3, -2.1, 0.0)
17.48172,(-5.3, -2.1, 0.0)
17.49436,(-5.3, -2.1, 0.0)
17.5105,(-5.3, -2.1, 0.0)
17.5254,(-5.3, -2.1, 0.0)
17.55167,(-5.3, -2.1, 0.0)
17.56504,(-5.3, -2.1, 0.0)
17.57939,(-5.3, -2.1, 0.0)
17.59278,(-5.3, -2.1, 0.0)
17.60435,(-5.3, -2.1, 0.0)
17.61627,(-5.3, -2.1, 0.0)
17.62731,(-5.3, -2.1, 0.0)
17.64122,(-5.3, -2.1, 0.0)
17.65195,(-5.3, -2.1, 0.0)
17.66365,(-5.3, -2.1, 0.0)
17.67634,(-5.3, -2.1, 0.0)
17.70033,(-5.3, -2.1, 0.0)
17.71155,(-5.3, -2.1, 0.0)
17.72306,(-5.3, -2.1, 0.0)
17.73445,(-5.3, -2.1, 0.0)
17.74597,(-5.3, -2.1, 0.0)
17.76365,(-5.3, -2.1, 0.0)
17.77582,(-5.3, -2.1, 0.0)
17.78712,(-5.3, -2.1, 0.0)
17.79924,(-5.3, -2.1, 0.0)
17.81224,(-5.3, -2.1, 0.0)
17.82472,(-5.3, -2.1, 0.0)
17.83584,(-5.3, -2.1, 0.0)
17.85948,(-5.3, -2.1, 0.0)
17.8714,(-5.3, -2.1, 0.0)
17.8823,(-5.3, -2.1, 0.0)
17.89316,(-5.3, -2.1, 0.0)
17.90295,(-5.3, -2.1, 0.0)
17.91384,(-5.3, -2.1, 0.0)
17.9257,(-5.3, -2.1, 0.0)
17.93693,(-5.3, -2.1, 0.0)
17.94865,(-5.3, -2.1, 0.0)
17.95992,(-5.3, -2.1, 0.0)
17.97015,(-5.3, -2.1, 0.0)
17.9821,(-5.3, -2.1, 0.0)
17.99453,(-5.3, -2.1, 0.0)
18.0186,(-5.3, -2.1, 0.0)
18.02958,(-5.3, -2.1, 0.0)
18.0405,(-5.3, -2.1, 0.0)
18.05208,(-5.3, -2.1, 0.0)
18.0641,(-5.3, -2.1, 0.0)
18.07644,(-5.3, -2.1, 0.0)
18.08793,(-5.3, -2.1, 0.0)
18.10391,(-5.3, -2.1, 0.0)
18.11652,(-5.3, -2.1, 0.0)
18.13121,(-5.3, -2.1, 0.0)
18.14212,(-5.3, -2.1, 0.0)
18.15597,(-5.3, -2.1, 0.0)
18.17944,(-5.3, -2.1, 0.0)
18.19045,(-5.3, -2.1, 0.0)
18.20255,(-5.3, -2.1, 0.0)
18.21353,(-5.3, -2.1, 0.0)
18.22437,(-5.3, -2.1, 0.0)
18.23588,(-5.3, -2.1, 0.0)
18.25183,(-5.3, -2.1, 0.0)
18.27682,(-5.3, -2.1, 0.0)
18.28777,(-5.3, -2.1, 0.0)
18.29994,(-5.3, -2.1, 0.0)
18.31123,(-5.3, -2.1, 0.0)
18.348,(-5.3, -2.1, 0.0)
18.382,(-5.3, -2.1, 0.0)
18.40545,(-5.3, -2.1, 0.0)
18.41548,(-5.3, -2.1, 0.0)
18.42471,(-5.3, -2.1, 0.0)
18.43559,(-5.3, -2.1, 0.0)
18.44886,(-5.3, -2.1, 0.0)
18.4579,(-5.3, -2.1, 0.0)
18.468,(-5.3, -2.1, 0.0)
18.47844,(-5.3, -2.1, 0.0)
18.48965,(-5.3, -2.1, 0.0)
18.50644,(-5.3, -2.1, 0.0)
18.51719,(-5.3, -2.1, 0.0)
18.52676,(-5.3, -2.1, 0.0)
18.53587,(-5.3, -2.1, 0.0)
18.54665,(-5.3, -2.1, 0.0)
18.55686,(-5.3, -2.1, 0.0)
18.56836,(-5.3, -2.1, 0.0)
18.58094,(-5.3, -2.1, 0.0)
18.59104,(-5.3, -2.1, 0.0)
18.60285,(-5.3, -2.1, 0.0)
18.61426,(-5.3, -2.1, 0.0)
18.62665,(-5.3, -2.1, 0.0)
18.63751,(-5.3, -2.1, 0.0)
18.64851,(-5.3, -2.1, 0.0)
18.66088,(-5.3, -2.1, 0.0)
18.67118,(-5.3, -2.1, 0.0)
18.68573,(-5.3, -2.1, 0.0)
18.70104,(-5.3, -2.1, 0.0)
18.71124,(-5.3, -2.1, 0.0)
18.71988,(-5.3, -2.1, 0.0)
18.73021,(-5.3, -2.1, 0.0)
18.74134,(-5.3, -2.1, 0.0)
18.75292,(-5.3, -2.1, 0.0)
18.76442,(-5.3, -2.1, 0.0)
18.7827,(-5.3, -2.1, 0.0)
18.81922,(-5.3, -2.1, 0.0)
18.8396,(-5.3, -2.1, 0.0)
18.85243,(-5.3, -2.1, 0.0)
18.86285,(-5.3, -2.1, 0.0)
18.87269,(-5.3, -2.1, 0.0)
18.88308,(-5.3, -2.1, 0.0)
18.89347,(-5.3, -2.1, 0.0)
18.90227,(-5.3, -2.1, 0.0)
18.91248,(-5.3, -2.1, 0.0)
18.92179,(-5.3, -2.1, 0.0)
18.93193,(-5.3, -2.1, 0.0)
18.95057,(-5.3, -2.1, 0.0)
18.96041,(-5.3, -2.1, 0.0)
18.97056,(-5.3, -2.1, 0.0)
18.98061,(-5.3, -2.1, 0.0)
18.99016,(-5.3, -2.1, 0.0)
19.00083,(-5.3, -2.1, 0.0)
19.01157,(-5.3, -2.1, 0.0)
19.02118,(-5.3, -2.1, 0.0)
19.03188,(-5.3, -2.1, 0.0)
19.042,(-5.3, -2.1, 0.0)
19.05178,(-5.3, -2.1, 0.0)
19.06223,(-5.3, -2.1, 0.0)
19.07191,(-5.3, -2.1, 0.0)
19.08198,(-5.3, -2.1, 0.0)
19.09163,(-5.3, -2.1, 0.0)
19.10085,(-5.3, -2.1, 0.0)
19.11111,(-5.3, -2.1, 0.0)
19.1203,(-5.3, -2.1, 0.0)
19.13046,(-5.3, -2.1, 0.0)
19.14075,(-5.3, -2.1, 0.0)
19.15219,(-5.3, -2.1, 0.0)
19.16435,(-5.3, -2.1, 0.0)
19.17574,(-5.3, -2.1, 0.0)
19.18626,(-5.3, -2.1, 0.0)
19.19702,(-5.3, -2.1, 0.0)
19.20656,(-5.3, -2.1, 0.0)
19.21773,(-5.3, -2.1, 0.0)
19.22836,(-5.3, -2.1, 0.0)
19.23865,(-5.3, -2.1, 0.0)
19.25157,(-5.3, -2.1, 0.0)
19.26716,(-5.3, -2.1, 0.0)
19.27992,(-5.3, -2.1, 0.0)
19.29278,(-5.3, -2.1, 0.0)
19.30371,(-5.3, -2.1, 0.0)
19.31631,(-5.3, -2.1, 0.0)
19.32944,(-5.3, -2.1, 0.0)
19.34522,(-5.3, -2.1, 0.0)
19.36574,(-5.3, -2.1, 0.0)
19.38694,(-5.3, -2.1, 0.0)
19.39779,(-5.3, -2.1, 0.0)
19.40774,(-5.3, -2.1, 0.0)
19.41933,(-5.3, -2.1, 0.0)
19.42943,(-5.3, -2.1, 0.0)
19.44806,(-5.3, -2.1, 0.0)
19.458,(-5.3, -2.1, 0.0)
19.46797,(-5.3, -2.1, 0.0)
19.48483,(-5.3, -2.1, 0.0)
19.50123,(-5.3, -2.1, 0.0)
19.51283,(-5.3, -2.1, 0.0)
19.52291,(-5.3, -2.1, 0.0)
19.53444,(-5.3, -2.1, 0.0)
19.54579,(-5.3, -2.1, 0.0)
19.55646,(-5.3, -2.1, 0.0)
19.5674,(-5.3, -2.1, 0.0)
19.57867,(-5.3, -2.1, 0.0)
19.58854,(-5.3, -2.1, 0.0)
19.60913,(-5.3, -2.1, 0.0)
19.61895,(-5.3, -2.1, 0.0)
19.62867,(-5.3, -2.1, 0.0)
19.64008,(-5.3, -2.1, 0.0)
19.65029,(-5.3, -2.1, 0.0)
19.66003,(-5.3, -2.1, 0.0)
19.67052,(-5.3, -2.1, 0.0)
19.67976,(-5.3, -2.1, 0.0)
19.68912,(-5.3, -2.1, 0.0)
19.69922,(-5.3, -2.1, 0.0)
19.70881,(-5.3, -2.1, 0.0)
19.71949,(-5.3, -2.1, 0.0)
19.72933,(-5.3, -2.1, 0.0)
19.73852,(-5.3, -2.1, 0.0)
19.74738,(-5.3, -2.1, 0.0)
19.75897,(-5.3, -2.1, 0.0)
19.76785,(-5.3, -2.1, 0.0)
19.77738,(-5.3, -2.1, 0.0)
19.78619,(-5.3, -2.1, 0.0)
19.79579,(-5.3, -2.1, 0.0)
19.80658,(-5.3, -2.1, 0.0)
19.81968,(-5.3, -2.1, 0.0)
19.83064,(-5.3, -2.1, 0.0)
19.84067,(-5.3, -2.1, 0.0)
19.85052,(-5.3, -2.1, 0.0)
19.86053,(-5.3, -2.1, 0.0)
19.87023,(-5.3, -2.1, 0.0)
19.88015,(-5.3, -2.1, 0.0)
19.89067,(-5.3, -2.1, 0.0)
19.90024,(-5.3, -2.1, 0.0)
19.91014,(-5.3, -2.1, 0.0)
19.91962,(-5.3, -2.1, 0.0)
19.9294,(-5.3, -2.1, 0.0)
19.93942,(-5.3, -2.1, 0.0)
19.95027,(-5.3, -2.1, 0.0)
19.95973,(-5.3, -2.1, 0.0)
19.96973,(-5.3, -2.1, 0.0)
19.98003,(-5.3, -2.1, 0.0)
19.99026,(-5.3, -2.1, 0.0)
20.00044,(-5.3, -2.1, 0.0)
20.01114,(-5.3, -2.1, 0.0)
20.02041,(-5.3, -2.1, 0.0)
20.0305,(-5.3, -2.1, 0.0)
20.03974,(-5.3, -2.1, 0.0)
20.0499,(-5.3, -2.1, 0.0)
20.06038,(-5.3, -2.1, 0.0)
20.07079,(-5.3, -2.1, 0.0)
20.08139,(-5.3, -2.1, 0.0)
20.09095,(-5.3, -2.1, 0.0)
20.1009,(-5.3, -2.1, 0.0)
20.11114,(-5.3, -2.1, 0.0)
20.12066,(-5.3, -2.1, 0.0)
20.13107,(-5.3, -2.1, 0.0)
20.14665,(-5.3, -2.1, 0.0)
20.15576,(-5.3, -2.1, 0.0)
20.16665,(-5.3, -2.1, 0.0)
20.17639,(-5.3, -2.1, 0.0)
20.18497,(-5.3, -2.1, 0.0)
20.19772,(-5.3, -2.1, 0.0)
20.20864,(-5.3, -2.1, 0.0)
20.21995,(-5.3, -2.1, 0.0)
20.23104,(-5.3, -2.1, 0.0)
20.2433,(-5.3, -2.1, 0.0)
20.25291,(-5.3, -2.1, 0.0)
20.26297,(-5.3, -2.1, 0.0)
20.27243,(-5.3, -2.1, 0.0)
20.28212,(-5.3, -2.1, 0.0)
20.2927,(-5.3, -2.1, 0.0)
20.30178,(-5.3, -2.1, 0.0)
20.31244,(-5.3, -2.1, 0.0)
20.32201,(-5.3, -2.1, 0.0)
20.33204,(-5.3, -2.1, 0.0)
20.34184,(-5.3, -2.1, 0.0)
20.35169,(-5.3, -2.1, 0.0)
20.36185,(-5.3, -2.1, 0.0)
20.37128,(-5.3, -2.1, 0.0)
20.38179,(-5.3, -2.1, 0.0)
20.39125,(-5.3, -2.1, 0.0)
20.40166,(-5.3, -2.1, 0.0)
20.41231,(-5.3, -2.1, 0.0)
20.42186,(-5.3, -2.1, 0.0)
20.43237,(-5.3, -2.1, 0.0)
20.44253,(-5.3, -2.1, 0.0)
20.45295,(-5.3, -2.1, 0.0)
20.46302,(-5.3, -2.1, 0.0)
20.47276,(-5.3, -2.1, 0.0)
20.48277,(-5.3, -2.1, 0.0)
20.49259,(-5.3, -2.1, 0.0)
20.50237,(-5.3, -2.1, 0.0)
20.51274,(-5.3, -2.1, 0.0)
20.52635,(-5.3, -2.1, 0.0)
20.54452,(-5.3, -2.1, 0.0)
20.55481,(-5.3, -2.1, 0.0)
20.56488,(-5.3, -2.1, 0.0)
20.57566,(-5.3, -2.1, 0.0)
20.58533,(-5.3, -2.1, 0.0)
20.59558,(-5.3, -2.1, 0.0)
20.60472,(-5.3, -2.1, 0.0)
20.61468,(-5.3, -2.1, 0.0)
